Id,Class
0,23
1,2
2,15
3,2
4,19
5,18
6,24
7,8
8,5
9,18
10,23
11,10
12,1
13,2
14,19
15,1
16,9
17,13
18,17
19,2
20,24
21,17
22,2
23,15
24,8
25,12
26,6
27,20
28,6
29,10
30,16
31,22
32,10
33,8
34,12
35,18
36,15
37,2
38,18
39,2
40,5
41,1
42,8
43,7
44,14
45,2
46,19
47,23
48,9
49,2
50,12
51,0
52,10
53,2
54,2
55,12
56,0
57,0
58,6
59,1
60,15
61,12
62,17
63,21
64,24
65,2
66,0
67,0
68,23
69,2
70,15
71,19
72,17
73,11
74,14
75,12
76,21
77,24
78,5
79,0
80,12
81,4
82,14
83,8
84,15
85,18
86,13
87,12
88,18
89,4
90,4
91,15
92,5
93,10
94,8
95,6
96,15
97,10
98,10
99,9
100,17
101,0
102,10
103,15
104,19
105,6
106,11
107,12
108,24
109,8
110,23
111,0
112,0
113,7
114,1
115,11
116,19
117,17
118,17
119,15
120,4
121,2
122,12
123,9
124,16
125,7
126,24
127,10
128,10
129,16
130,15
131,22
132,9
133,24
134,5
135,0
136,14
137,2
138,16
139,12
140,1
141,0
142,18
143,23
144,21
145,2
146,0
147,7
148,14
149,19
150,12
151,3
152,12
153,20
154,20
155,19
156,16
157,9
158,21
159,19
160,17
161,7
162,24
163,16
164,16
165,5
166,23
167,6
168,12
169,15
170,8
171,2
172,22
173,17
174,23
175,19
176,15
177,24
178,16
179,2
180,18
181,4
182,18
183,7
184,23
185,11
186,0
187,17
188,10
189,11
190,17
191,0
192,18
193,4
194,7
195,9
196,2
197,3
198,12
199,1
200,4
201,17
202,4
203,6
204,3
205,7
206,12
207,21
208,11
209,24
210,12
211,16
212,18
213,7
214,24
215,15
216,12
217,10
218,12
219,3
220,11
221,24
222,3
223,14
224,7
225,3
226,21
227,11
228,6
229,8
230,20
231,2
232,7
233,18
234,24
235,16
236,2
237,22
238,15
239,10
240,9
241,4
242,17
243,2
244,20
245,15
246,15
247,17
248,8
249,2
250,20
251,10
252,23
253,11
254,7
255,15
256,2
257,8
258,11
259,17
260,22
261,13
262,5
263,17
264,12
265,12
266,16
267,21
268,3
269,10
270,0
271,16
272,1
273,23
274,4
275,1
276,19
277,12
278,2
279,4
280,4
281,17
282,10
283,17
284,4
285,15
286,10
287,0
288,12
289,4
290,8
291,10
292,10
293,4
294,1
295,18
296,5
297,12
298,20
299,0
300,12
301,12
302,20
303,1
304,12
305,10
306,1
307,17
308,8
309,4
310,9
311,10
312,0
313,11
314,7
315,8
316,9
317,4
318,3
319,0
320,0
321,10
322,4
323,16
324,10
325,18
326,17
327,1
328,9
329,15
330,6
331,18
332,2
333,18
334,24
335,4
336,24
337,8
338,17
339,15
340,1
341,2
342,14
343,4
344,23
345,12
346,24
347,0
348,2
349,0
350,11
351,9
352,7
353,20
354,10
355,15
356,14
357,4
358,16
359,2
360,8
361,22
362,11
363,0
364,4
365,4
366,10
367,12
368,16
369,8
370,2
371,12
372,16
373,12
374,10
375,18
376,7
377,10
378,6
379,2
380,20
381,4
382,15
383,20
384,4
385,7
386,18
387,23
388,8
389,21
390,2
391,17
392,10
393,18
394,2
395,0
396,16
397,1
398,9
399,23
400,12
401,2
402,15
403,23
404,12
405,11
406,12
407,8
408,16
409,6
410,17
411,5
412,8
413,11
414,9
415,10
416,9
417,14
418,17
419,19
420,6
421,19
422,24
423,7
424,12
425,24
426,4
427,15
428,23
429,0
430,10
431,0
432,22
433,10
434,3
435,10
436,7
437,7
438,14
439,18
440,3
441,1
442,23
443,0
444,14
445,4
446,19
447,12
448,20
449,0
450,24
451,11
452,23
453,18
454,8
455,20
456,9
457,11
458,6
459,10
460,4
461,6
462,18
463,17
464,4
465,1
466,6
467,8
468,1
469,1
470,8
471,6
472,6
473,12
474,0
475,18
476,3
477,12
478,5
479,4
480,21
481,8
482,14
483,14
484,23
485,15
486,8
487,18
488,4
489,11
490,12
491,17
492,0
493,4
494,2
495,1
496,3
497,0
498,10
499,23
500,1
501,12
502,8
503,22
504,17
505,4
506,3
507,4
508,1
509,17
510,17
511,12
512,17
513,7
514,15
515,3
516,20
517,9
518,0
519,7
520,18
521,19
522,20
523,16
524,1
525,0
526,17
527,1
528,7
529,12
530,12
531,5
532,5
533,10
534,0
535,23
536,22
537,8
538,19
539,4
540,23
541,2
542,1
543,12
544,12
545,12
546,18
547,11
548,15
549,23
550,24
551,8
552,11
553,2
554,1
555,18
556,4
557,19
558,19
559,20
560,22
561,19
562,10
563,21
564,9
565,17
566,9
567,1
568,10
569,17
570,3
571,17
572,22
573,4
574,21
575,0
576,15
577,0
578,11
579,8
580,1
581,0
582,12
583,21
584,0
585,7
586,1
587,7
588,12
589,19
590,19
591,18
592,15
593,10
594,9
595,15
596,1
597,19
598,4
599,0
600,23
601,19
602,4
603,9
604,6
605,18
606,19
607,4
608,4
609,9
610,22
611,0
612,2
613,2
614,11
615,2
616,17
617,1
618,18
619,0
620,18
621,4
622,0
623,9
624,0
625,19
626,17
627,18
628,12
629,2
630,2
631,10
632,6
633,4
634,3
635,12
636,23
637,1
638,2
639,1
640,10
641,5
642,12
643,18
644,3
645,8
646,12
647,10
648,3
649,19
650,12
651,2
652,7
653,23
654,10
655,4
656,0
657,19
658,19
659,18
660,17
661,0
662,23
663,11
664,3
665,19
666,19
667,0
668,8
669,4
670,2
671,15
672,15
673,12
674,10
675,14
676,1
677,15
678,10
679,5
680,15
681,9
682,16
683,4
684,18
685,8
686,24
687,16
688,2
689,7
690,2
691,3
692,2
693,7
694,3
695,10
696,9
697,1
698,3
699,23
700,4
701,9
702,10
703,19
704,8
705,10
706,15
707,15
708,12
709,17
710,11
711,3
712,2
713,8
714,18
715,12
716,20
717,23
718,10
719,8
720,21
721,19
722,1
723,3
724,0
725,15
726,22
727,15
728,6
729,8
730,16
731,13
732,13
733,10
734,24
735,10
736,8
737,5
738,2
739,18
740,22
741,12
742,19
743,18
744,10
745,17
746,13
747,15
748,12
749,14
750,19
751,1
752,15
753,4
754,8
755,16
756,2
757,8
758,19
759,2
760,16
761,3
762,7
763,12
764,12
765,10
766,7
767,9
768,4
769,0
770,12
771,16
772,5
773,2
774,15
775,3
776,10
777,15
778,1
779,21
780,10
781,18
782,10
783,0
784,12
785,23
786,22
787,12
788,15
789,17
790,12
791,12
792,12
793,2
794,18
795,9
796,10
797,20
798,16
799,10
800,8
801,12
802,15
803,9
804,14
805,16
806,3
807,10
808,11
809,12
810,7
811,12
812,21
813,17
814,10
815,15
816,8
817,19
818,21
819,8
820,16
821,12
822,8
823,7
824,0
825,23
826,11
827,9
828,24
829,16
830,13
831,4
832,12
833,24
834,0
835,18
836,4
837,18
838,23
839,23
840,7
841,9
842,7
843,10
844,2
845,1
846,4
847,7
848,7
849,0
850,23
851,0
852,3
853,5
854,12
855,22
856,24
857,16
858,11
859,22
860,16
861,18
862,2
863,24
864,4
865,5
866,17
867,8
868,2
869,2
870,10
871,21
872,16
873,7
874,21
875,18
876,9
877,10
878,9
879,20
880,22
881,9
882,11
883,8
884,0
885,18
886,12
887,24
888,9
889,12
890,10
891,22
892,10
893,16
894,3
895,9
896,4
897,22
898,18
899,15
900,6
901,9
902,10
903,4
904,1
905,12
906,6
907,24
908,5
909,7
910,19
911,23
912,20
913,4
914,22
915,13
916,9
917,8
918,16
919,1
920,9
921,24
922,1
923,1
924,13
925,7
926,7
927,6
928,8
929,22
930,24
931,2
932,11
933,4
934,2
935,8
936,8
937,8
938,17
939,9
940,7
941,20
942,15
943,17
944,23
945,0
946,23
947,2
948,10
949,1
950,4
951,7
952,11
953,11
954,14
955,17
956,2
957,12
958,4
959,17
960,9
961,12
962,14
963,21
964,18
965,19
966,3
967,0
968,12
969,18
970,19
971,20
972,17
973,13
974,12
975,16
976,6
977,11
978,11
979,8
980,19
981,16
982,9
983,7
984,15
985,2
986,0
987,12
988,23
989,16
990,8
991,0
992,17
993,10
994,2
995,23
996,9
997,15
998,21
999,6
1000,8
1001,22
1002,5
1003,12
1004,8
1005,2
1006,2
1007,10
1008,17
1009,14
1010,7
1011,15
1012,17
1013,9
1014,19
1015,2
1016,23
1017,1
1018,7
1019,3
1020,12
1021,10
1022,6
1023,4
1024,20
1025,9
1026,3
1027,6
1028,1
1029,4
1030,3
1031,7
1032,4
1033,3
1034,11
1035,16
1036,10
1037,1
1038,7
1039,7
1040,16
1041,8
1042,21
1043,5
1044,21
1045,14
1046,0
1047,14
1048,0
1049,14
1050,2
1051,6
1052,16
1053,3
1054,4
1055,0
1056,11
1057,4
1058,12
1059,11
1060,4
1061,10
1062,9
1063,2
1064,19
1065,6
1066,7
1067,14
1068,20
1069,15
1070,13
1071,0
1072,23
1073,4
1074,5
1075,24
1076,18
1077,2
1078,4
1079,1
1080,19
1081,15
1082,3
1083,15
1084,13
1085,8
1086,8
1087,22
1088,2
1089,17
1090,23
1091,9
1092,5
1093,9
1094,0
1095,8
1096,22
1097,12
1098,6
1099,12
1100,10
1101,8
1102,8
1103,15
1104,14
1105,1
1106,0
1107,19
1108,18
1109,11
1110,10
1111,10
1112,16
1113,3
1114,11
1115,12
1116,0
1117,19
1118,15
1119,19
1120,2
1121,23
1122,14
1123,21
1124,15
1125,7
1126,21
1127,2
1128,2
1129,10
1130,4
1131,10
1132,10
1133,16
1134,0
1135,20
1136,16
1137,14
1138,19
1139,9
1140,20
1141,3
1142,23
1143,12
1144,19
1145,2
1146,8
1147,11
1148,18
1149,15
1150,1
1151,17
1152,11
1153,0
1154,24
1155,11
1156,1
1157,1
1158,7
1159,7
1160,6
1161,18
1162,19
1163,7
1164,19
1165,7
1166,8
1167,9
1168,7
1169,0
1170,2
1171,7
1172,15
1173,7
1174,4
1175,0
1176,23
1177,12
1178,6
1179,2
1180,17
1181,1
1182,13
1183,17
1184,11
1185,7
1186,22
1187,2
1188,3
1189,8
1190,15
1191,10
1192,11
1193,15
1194,12
1195,17
1196,10
1197,7
1198,0
1199,7
1200,7
1201,16
1202,15
1203,10
1204,7
1205,12
1206,21
1207,0
1208,1
1209,4
1210,10
1211,10
1212,16
1213,23
1214,10
1215,5
1216,12
1217,15
1218,8
1219,2
1220,10
1221,17
1222,4
1223,5
1224,15
1225,4
1226,18
1227,2
1228,5
1229,18
1230,8
1231,5
1232,17
1233,1
1234,11
1235,19
1236,15
1237,17
1238,7
1239,23
1240,22
1241,15
1242,3
1243,0
1244,8
1245,22
1246,8
1247,7
1248,19
1249,8
1250,16
1251,17
1252,10
1253,8
1254,10
1255,2
1256,1
1257,21
1258,10
1259,2
1260,4
1261,5
1262,15
1263,2
1264,3
1265,12
1266,23
1267,4
1268,2
1269,12
1270,0
1271,10
1272,23
1273,2
1274,2
1275,17
1276,7
1277,0
1278,11
1279,7
1280,17
1281,14
1282,15
1283,8
1284,4
1285,11
1286,24
1287,1
1288,16
1289,0
1290,4
1291,2
1292,14
1293,8
1294,17
1295,2
1296,11
1297,17
1298,9
1299,2
1300,7
1301,8
1302,21
1303,8
1304,8
1305,7
1306,21
1307,4
1308,24
1309,12
1310,24
1311,8
1312,5
1313,0
1314,18
1315,10
1316,22
1317,15
1318,19
1319,11
1320,11
1321,10
1322,6
1323,18
1324,0
1325,0
1326,7
1327,7
1328,14
1329,17
1330,6
1331,24
1332,0
1333,0
1334,11
1335,11
1336,4
1337,5
1338,16
1339,12
1340,15
1341,23
1342,16
1343,11
1344,15
1345,15
1346,0
1347,22
1348,11
1349,5
1350,15
1351,8
1352,17
1353,18
1354,0
1355,10
1356,12
1357,14
1358,23
1359,3
1360,0
1361,4
1362,8
1363,2
1364,8
1365,4
1366,4
1367,19
1368,9
1369,22
1370,19
1371,6
1372,11
1373,16
1374,18
1375,1
1376,3
1377,16
1378,23
1379,4
1380,4
1381,3
1382,9
1383,19
1384,18
1385,15
1386,16
1387,1
1388,1
1389,15
1390,23
1391,18
1392,0
1393,12
1394,19
1395,5
1396,22
1397,1
1398,7
1399,24
1400,7
1401,21
1402,0
1403,20
1404,6
1405,7
1406,14
1407,0
1408,17
1409,22
1410,4
1411,0
1412,15
1413,20
1414,5
1415,4
1416,0
1417,3
1418,4
1419,22
1420,11
1421,4
1422,2
1423,8
1424,7
1425,2
1426,4
1427,7
1428,4
1429,2
1430,10
1431,8
1432,0
1433,6
1434,0
1435,17
1436,1
1437,7
1438,12
1439,15
1440,2
1441,1
1442,18
1443,9
1444,22
1445,9
1446,2
1447,10
1448,12
1449,3
1450,10
1451,23
1452,1
1453,22
1454,21
1455,12
1456,10
1457,9
1458,18
1459,20
1460,7
1461,11
1462,17
1463,15
1464,10
1465,15
1466,8
1467,21
1468,10
1469,20
1470,6
1471,17
1472,12
1473,1
1474,18
1475,16
1476,7
1477,5
1478,22
1479,2
1480,4
1481,9
1482,15
1483,15
1484,16
1485,5
1486,9
1487,0
1488,2
1489,15
1490,10
1491,3
1492,11
1493,1
1494,9
1495,3
1496,17
1497,17
1498,12
1499,0
1500,17
1501,12
1502,7
1503,16
1504,15
1505,11
1506,9
1507,21
1508,4
1509,2
1510,14
1511,8
1512,4
1513,10
1514,7
1515,0
1516,4
1517,15
1518,1
1519,16
1520,1
1521,0
1522,2
1523,10
1524,12
1525,17
1526,10
1527,10
1528,22
1529,14
1530,3
1531,11
1532,9
1533,0
1534,16
1535,1
1536,20
1537,0
1538,19
1539,19
1540,15
1541,17
1542,2
1543,2
1544,12
1545,11
1546,6
1547,6
1548,17
1549,19
1550,8
1551,11
1552,8
1553,0
1554,7
1555,8
1556,3
1557,10
1558,20
1559,8
1560,1
1561,9
1562,9
1563,13
1564,17
1565,3
1566,15
1567,11
1568,12
1569,7
1570,15
1571,10
1572,17
1573,24
1574,18
1575,5
1576,6
1577,2
1578,4
1579,3
1580,2
1581,10
1582,18
1583,8
1584,20
1585,7
1586,18
1587,16
1588,23
1589,1
1590,12
1591,4
1592,16
1593,15
1594,10
1595,1
1596,17
1597,20
1598,11
1599,15
1600,7
1601,0
1602,10
1603,10
1604,18
1605,6
1606,1
1607,7
1608,2
1609,6
1610,4
1611,22
1612,4
1613,12
1614,0
1615,23
1616,11
1617,19
1618,17
1619,20
1620,8
1621,2
1622,1
1623,4
1624,2
1625,22
1626,8
1627,3
1628,2
1629,11
1630,18
1631,16
1632,12
1633,12
1634,2
1635,10
1636,10
1637,7
1638,24
1639,19
1640,5
1641,16
1642,16
1643,8
1644,9
1645,7
1646,24
1647,12
1648,1
1649,15
1650,12
1651,23
1652,13
1653,21
1654,1
1655,7
1656,9
1657,9
1658,10
1659,6
1660,24
1661,9
1662,17
1663,4
1664,16
1665,2
1666,16
1667,9
1668,12
1669,17
1670,0
1671,4
1672,0
1673,6
1674,16
1675,4
1676,2
1677,10
1678,19
1679,2
1680,5
1681,3
1682,0
1683,12
1684,5
1685,1
1686,14
1687,6
1688,9
1689,6
1690,8
1691,2
1692,4
1693,15
1694,15
1695,15
1696,4
1697,2
1698,16
1699,9
1700,22
1701,12
1702,7
1703,0
1704,7
1705,0
1706,17
1707,12
1708,17
1709,23
1710,2
1711,12
1712,22
1713,14
1714,4
1715,9
1716,7
1717,6
1718,2
1719,1
1720,22
1721,21
1722,0
1723,19
1724,17
1725,2
1726,15
1727,1
1728,21
1729,15
1730,18
1731,0
1732,24
1733,12
1734,16
1735,20
1736,7
1737,14
1738,1
1739,5
1740,3
1741,15
1742,0
1743,2
1744,2
1745,11
1746,5
1747,3
1748,17
1749,8
1750,10
1751,15
1752,4
1753,15
1754,9
1755,17
1756,16
1757,7
1758,17
1759,7
1760,2
1761,7
1762,18
1763,8
1764,19
1765,24
1766,12
1767,2
1768,0
1769,15
1770,4
1771,17
1772,4
1773,15
1774,1
1775,9
1776,6
1777,15
1778,17
1779,23
1780,2
1781,19
1782,8
1783,13
1784,8
1785,4
1786,2
1787,12
1788,23
1789,17
1790,0
1791,4
1792,16
1793,12
1794,20
1795,8
1796,2
1797,6
1798,15
1799,17
1800,14
1801,18
1802,6
1803,18
1804,18
1805,0
1806,22
1807,0
1808,23
1809,15
1810,15
1811,10
1812,3
1813,6
1814,3
1815,7
1816,21
1817,10
1818,2
1819,17
1820,20
1821,4
1822,24
1823,20
1824,12
1825,10
1826,19
1827,22
1828,0
1829,0
1830,19
1831,13
1832,17
1833,0
1834,2
1835,7
1836,12
1837,6
1838,17
1839,16
1840,8
1841,16
1842,13
1843,4
1844,15
1845,14
1846,1
1847,17
1848,2
1849,12
1850,1
1851,17
1852,2
1853,3
1854,23
1855,20
1856,0
1857,8
1858,15
1859,4
1860,12
1861,0
1862,11
1863,7
1864,19
1865,12
1866,9
1867,20
1868,1
1869,11
1870,4
1871,22
1872,18
1873,18
1874,4
1875,14
1876,8
1877,2
1878,7
1879,0
1880,10
1881,3
1882,15
1883,15
1884,12
1885,12
1886,17
1887,9
1888,4
1889,17
1890,0
1891,15
1892,17
1893,17
1894,7
1895,8
1896,7
1897,11
1898,2
1899,17
1900,13
1901,0
1902,18
1903,0
1904,24
1905,23
1906,2
1907,23
1908,10
1909,0
1910,1
1911,13
1912,6
1913,17
1914,0
1915,21
1916,15
1917,1
1918,1
1919,16
1920,17
1921,17
1922,19
1923,21
1924,12
1925,23
1926,2
1927,4
1928,4
1929,20
1930,0
1931,12
1932,4
1933,15
1934,10
1935,11
1936,1
1937,10
1938,15
1939,17
1940,24
1941,17
1942,4
1943,10
1944,7
1945,1
1946,2
1947,4
1948,12
1949,0
1950,15
1951,16
1952,17
1953,2
1954,2
1955,17
1956,17
1957,10
1958,0
1959,2
1960,17
1961,5
1962,2
1963,12
1964,24
1965,4
1966,18
1967,8
1968,23
1969,2
1970,1
1971,15
1972,23
1973,23
1974,6
1975,18
1976,5
1977,10
1978,10
1979,0
1980,5
1981,15
1982,9
1983,19
1984,12
1985,17
1986,19
1987,7
1988,23
1989,13
1990,22
1991,2
1992,17
1993,2
1994,23
1995,3
1996,24
1997,12
1998,8
1999,19
2000,17
2001,12
2002,12
2003,23
2004,0
2005,15
2006,4
2007,8
2008,2
2009,16
2010,10
2011,11
2012,8
2013,5
2014,2
2015,15
2016,17
2017,9
2018,12
2019,12
2020,7
2021,4
2022,4
2023,11
2024,22
2025,12
2026,10
2027,2
2028,4
2029,18
2030,4
2031,7
2032,7
2033,10
2034,12
2035,8
2036,16
2037,22
2038,20
2039,7
2040,4
2041,18
2042,4
2043,17
2044,6
2045,6
2046,0
2047,4
2048,18
2049,15
2050,6
2051,12
2052,12
2053,11
2054,18
2055,11
2056,4
2057,3
2058,24
2059,21
2060,0
2061,18
2062,10
2063,5
2064,23
2065,20
2066,21
2067,22
2068,21
2069,18
2070,10
2071,6
2072,8
2073,2
2074,16
2075,10
2076,3
2077,22
2078,18
2079,22
2080,6
2081,15
2082,14
2083,15
2084,23
2085,1
2086,0
2087,7
2088,4
2089,17
2090,8
2091,22
2092,11
2093,18
2094,17
2095,18
2096,19
2097,9
2098,9
2099,6
2100,9
2101,1
2102,4
2103,1
2104,8
2105,18
2106,4
2107,18
2108,12
2109,4
2110,9
2111,21
2112,19
2113,2
2114,4
2115,2
2116,12
2117,21
2118,14
2119,10
2120,21
2121,18
2122,16
2123,12
2124,18
2125,2
2126,2
2127,6
2128,0
2129,17
2130,12
2131,16
2132,10
2133,4
2134,0
2135,24
2136,4
2137,17
2138,10
2139,3
2140,7
2141,0
2142,17
2143,17
2144,18
2145,1
2146,7
2147,17
2148,8
2149,4
2150,0
2151,12
2152,9
2153,15
2154,14
2155,1
2156,22
2157,1
2158,23
2159,17
2160,15
2161,0
2162,2
2163,16
2164,0
2165,7
2166,9
2167,12
2168,3
2169,8
2170,0
2171,10
2172,21
2173,19
2174,23
2175,0
2176,22
2177,8
2178,9
2179,8
2180,1
2181,2
2182,13
2183,10
2184,7
2185,3
2186,4
2187,12
2188,3
2189,21
2190,8
2191,18
2192,7
2193,10
2194,4
2195,8
2196,16
2197,21
2198,12
2199,11
2200,1
2201,22
2202,4
2203,17
2204,8
2205,9
2206,10
2207,2
2208,0
2209,1
2210,17
2211,24
2212,0
2213,14
2214,21
2215,5
2216,11
2217,4
2218,18
2219,23
2220,7
2221,2
2222,24
2223,18
2224,8
2225,19
2226,2
2227,15
2228,19
2229,8
2230,17
2231,0
2232,19
2233,19
2234,12
2235,6
2236,21
2237,0
2238,17
2239,18
2240,0
2241,4
2242,15
2243,4
2244,2
2245,8
2246,17
2247,22
2248,18
2249,0
2250,0
2251,17
2252,21
2253,4
2254,9
2255,20
2256,5
2257,0
2258,10
2259,17
2260,10
2261,5
2262,0
2263,24
2264,10
2265,7
2266,6
2267,18
2268,23
2269,2
2270,1
2271,6
2272,9
2273,22
2274,4
2275,2
2276,5
2277,15
2278,24
2279,23
2280,16
2281,4
2282,20
2283,19
2284,0
2285,10
2286,24
2287,2
2288,13
2289,1
2290,10
2291,18
2292,2
2293,20
2294,8
2295,2
2296,2
2297,16
2298,2
2299,22
2300,20
2301,11
2302,10
2303,8
2304,20
2305,9
2306,7
2307,3
2308,1
2309,21
2310,21
2311,14
2312,18
2313,17
2314,8
2315,2
2316,8
2317,5
2318,24
2319,14
2320,24
2321,16
2322,22
2323,15
2324,2
2325,13
2326,17
2327,4
2328,0
2329,23
2330,23
2331,19
2332,3
2333,4
2334,14
2335,2
2336,15
2337,15
2338,17
2339,21
2340,10
2341,19
2342,3
2343,3
2344,23
2345,20
2346,2
2347,9
2348,17
2349,12
2350,21
2351,11
2352,1
2353,23
2354,8
2355,10
2356,20
2357,20
2358,11
2359,24
2360,17
2361,1
2362,20
2363,16
2364,15
2365,17
2366,23
2367,16
2368,15
2369,17
2370,9
2371,17
2372,23
2373,23
2374,10
2375,17
2376,16
2377,19
2378,8
2379,0
2380,10
2381,15
2382,1
2383,14
2384,1
2385,22
2386,16
2387,6
2388,22
2389,22
2390,9
2391,0
2392,12
2393,2
2394,23
2395,9
2396,15
2397,22
2398,16
2399,17
2400,0
2401,24
2402,16
2403,13
2404,17
2405,11
2406,17
2407,8
2408,3
2409,1
2410,8
2411,7
2412,12
2413,16
2414,12
2415,7
2416,18
2417,2
2418,7
2419,17
2420,8
2421,0
2422,16
2423,10
2424,8
2425,0
2426,10
2427,7
2428,6
2429,8
2430,2
2431,1
2432,11
2433,0
2434,9
2435,23
2436,12
2437,0
2438,12
2439,9
2440,4
2441,20
2442,3
2443,12
2444,23
2445,23
2446,2
2447,7
2448,1
2449,0
2450,7
2451,10
2452,0
2453,2
2454,16
2455,17
2456,18
2457,2
2458,0
2459,4
2460,12
2461,8
2462,1
2463,9
2464,19
2465,7
2466,7
2467,9
2468,23
2469,10
2470,24
2471,24
2472,15
2473,13
2474,21
2475,21
2476,4
2477,15
2478,7
2479,0
2480,20
2481,1
2482,21
2483,0
2484,10
2485,11
2486,8
2487,3
2488,5
2489,6
2490,2
2491,17
2492,4
2493,4
2494,17
2495,4
2496,4
2497,4
2498,19
2499,11
2500,12
2501,18
2502,12
2503,0
2504,4
2505,1
2506,8
2507,2
2508,12
2509,0
2510,17
2511,10
2512,12
2513,23
2514,8
2515,12
2516,12
2517,17
2518,15
2519,7
2520,19
2521,5
2522,4
2523,22
2524,0
2525,22
2526,12
2527,19
2528,4
2529,14
2530,2
2531,21
2532,7
2533,12
2534,20
2535,8
2536,4
2537,9
2538,7
2539,4
2540,19
2541,8
2542,6
2543,20
2544,10
2545,2
2546,16
2547,24
2548,4
2549,11
2550,23
2551,4
2552,15
2553,7
2554,4
2555,7
2556,4
2557,9
2558,12
2559,13
2560,7
2561,12
2562,21
2563,6
2564,1
2565,0
2566,6
2567,17
2568,11
2569,8
2570,10
2571,4
2572,19
2573,11
2574,12
2575,8
2576,1
2577,12
2578,9
2579,24
2580,2
2581,15
2582,16
2583,18
2584,2
2585,12
2586,23
2587,12
2588,21
2589,2
2590,19
2591,2
2592,21
2593,8
2594,19
2595,17
2596,11
2597,12
2598,2
2599,9
2600,9
2601,16
2602,10
2603,23
2604,3
2605,8
2606,21
2607,10
2608,8
2609,17
2610,16
2611,11
2612,18
2613,19
2614,2
2615,12
2616,10
2617,17
2618,17
2619,10
2620,10
2621,0
2622,4
2623,21
2624,9
2625,22
2626,23
2627,15
2628,8
2629,10
2630,15
2631,17
2632,9
2633,2
2634,6
2635,20
2636,0
2637,10
2638,3
2639,18
2640,1
2641,7
2642,17
2643,2
2644,19
2645,14
2646,10
2647,0
2648,10
2649,16
2650,7
2651,7
2652,2
2653,10
2654,11
2655,18
2656,5
2657,3
2658,18
2659,10
2660,12
2661,10
2662,9
2663,18
2664,8
2665,2
2666,6
2667,17
2668,10
2669,3
2670,23
2671,7
2672,4
2673,7
2674,4
2675,2
2676,15
2677,24
2678,19
2679,12
2680,23
2681,7
2682,20
2683,13
2684,2
2685,2
2686,2
2687,10
2688,10
2689,7
2690,0
2691,16
2692,12
2693,2
2694,15
2695,23
2696,10
2697,1
2698,13
2699,17
2700,7
2701,4
2702,4
2703,9
2704,23
2705,15
2706,8
2707,7
2708,4
2709,18
2710,7
2711,12
2712,15
2713,19
2714,10
2715,10
2716,17
2717,4
2718,6
2719,17
2720,11
2721,14
2722,9
2723,15
2724,12
2725,3
2726,5
2727,9
2728,6
2729,16
2730,10
2731,0
2732,22
2733,2
2734,0
2735,19
2736,15
2737,2
2738,10
2739,10
2740,14
2741,2
2742,7
2743,18
2744,1
2745,9
2746,24
2747,24
2748,24
2749,6
2750,7
2751,22
2752,16
2753,23
2754,6
2755,2
2756,15
2757,7
2758,9
2759,23
2760,23
2761,9
2762,15
2763,4
2764,17
2765,23
2766,6
2767,6
2768,9
2769,1
2770,0
2771,13
2772,24
2773,4
2774,16
2775,2
2776,2
2777,20
2778,9
2779,0
2780,0
2781,2
2782,17
2783,12
2784,0
2785,23
2786,10
2787,23
2788,0
2789,6
2790,12
2791,10
2792,7
2793,12
2794,12
2795,10
2796,3
2797,12
2798,19
2799,1
2800,5
2801,2
2802,22
2803,2
2804,2
2805,6
2806,4
2807,1
2808,2
2809,0
2810,9
2811,0
2812,0
2813,19
2814,4
2815,2
2816,1
2817,2
2818,16
2819,4
2820,11
2821,6
2822,17
2823,24
2824,7
2825,12
2826,14
2827,2
2828,4
2829,0
2830,16
2831,10
2832,11
2833,18
2834,6
2835,1
2836,17
2837,22
2838,8
2839,13
2840,21
2841,24
2842,8
2843,1
2844,16
2845,8
2846,15
2847,15
2848,13
2849,7
2850,7
2851,12
2852,1
2853,9
2854,3
2855,9
2856,24
2857,9
2858,22
2859,4
2860,11
2861,19
2862,23
2863,5
2864,8
2865,9
2866,18
2867,17
2868,12
2869,17
2870,12
2871,19
2872,10
2873,4
2874,10
2875,4
2876,23
2877,8
2878,2
2879,23
2880,11
2881,16
2882,7
2883,19
2884,18
2885,12
2886,22
2887,5
2888,0
2889,5
2890,16
2891,10
2892,0
2893,10
2894,7
2895,11
2896,8
2897,18
2898,9
2899,5
2900,0
2901,23
2902,0
2903,11
2904,15
2905,21
2906,12
2907,1
2908,15
2909,0
2910,7
2911,16
2912,6
2913,17
2914,12
2915,7
2916,10
2917,0
2918,8
2919,8
2920,16
2921,7
2922,11
2923,14
2924,8
2925,7
2926,0
2927,2
2928,4
2929,23
2930,4
2931,17
2932,3
2933,6
2934,19
2935,4
2936,6
2937,16
2938,3
2939,11
2940,9
2941,10
2942,1
2943,10
2944,4
2945,15
2946,10
2947,16
2948,16
2949,8
2950,2
2951,18
2952,17
2953,7
2954,7
2955,6
2956,15
2957,18
2958,0
2959,16
2960,6
2961,0
2962,2
2963,9
2964,1
2965,19
2966,0
2967,21
2968,2
2969,12
2970,15
2971,17
2972,9
2973,7
2974,18
2975,23
2976,17
2977,23
2978,9
2979,7
2980,22
2981,4
2982,9
2983,14
2984,10
2985,10
2986,0
2987,23
2988,8
2989,16
2990,1
2991,22
2992,18
2993,9
2994,16
2995,1
2996,11
2997,24
2998,23
2999,6
3000,2
3001,11
3002,2
3003,4
3004,22
3005,4
3006,7
3007,4
3008,16
3009,16
3010,3
3011,10
3012,3
3013,4
3014,15
3015,8
3016,16
3017,4
3018,0
3019,18
3020,12
3021,2
3022,1
3023,12
3024,7
3025,21
3026,9
3027,19
3028,0
3029,3
3030,18
3031,12
3032,15
3033,1
3034,1
3035,3
3036,11
3037,9
3038,4
3039,9
3040,1
3041,11
3042,1
3043,18
3044,9
3045,5
3046,14
3047,2
3048,10
3049,15
3050,3
3051,10
3052,14
3053,0
3054,20
3055,3
3056,2
3057,12
3058,7
3059,18
3060,17
3061,3
3062,11
3063,12
3064,8
3065,4
3066,10
3067,22
3068,21
3069,9
3070,18
3071,1
3072,12
3073,4
3074,16
3075,9
3076,24
3077,14
3078,9
3079,21
3080,24
3081,5
3082,12
3083,7
3084,12
3085,0
3086,21
3087,4
3088,17
3089,3
3090,22
3091,23
3092,2
3093,11
3094,17
3095,9
3096,8
3097,2
3098,2
3099,15
3100,6
3101,1
3102,1
3103,23
3104,5
3105,11
3106,14
3107,11
3108,3
3109,2
3110,2
3111,9
3112,4
3113,2
3114,7
3115,6
3116,6
3117,7
3118,16
3119,3
3120,12
3121,7
3122,18
3123,9
3124,2
3125,8
3126,1
3127,2
3128,8
3129,11
3130,0
3131,2
3132,20
3133,10
3134,9
3135,8
3136,5
3137,15
3138,14
3139,10
3140,4
3141,18
3142,2
3143,7
3144,19
3145,17
3146,17
3147,7
3148,4
3149,9
3150,13
3151,1
3152,20
3153,12
3154,1
3155,12
3156,11
3157,17
3158,23
3159,12
3160,20
3161,12
3162,8
3163,9
3164,16
3165,6
3166,17
3167,5
3168,19
3169,15
3170,5
3171,16
3172,16
3173,5
3174,2
3175,17
3176,1
3177,9
3178,9
3179,13
3180,0
3181,4
3182,10
3183,11
3184,18
3185,17
3186,12
3187,21
3188,10
3189,18
3190,9
3191,19
3192,4
3193,23
3194,21
3195,11
3196,11
3197,9
3198,22
3199,18
3200,24
3201,4
3202,24
3203,16
3204,15
3205,24
3206,1
3207,12
3208,12
3209,19
3210,2
3211,11
3212,5
3213,23
3214,21
3215,23
3216,17
3217,18
3218,18
3219,24
3220,22
3221,7
3222,21
3223,15
3224,7
3225,18
3226,24
3227,8
3228,12
3229,0
3230,16
3231,15
3232,18
3233,2
3234,10
3235,17
3236,8
3237,21
3238,10
3239,18
3240,23
3241,8
3242,22
3243,5
3244,8
3245,12
3246,11
3247,18
3248,22
3249,7
3250,17
3251,15
3252,24
3253,14
3254,19
3255,4
3256,4
3257,24
3258,17
3259,18
3260,24
3261,15
3262,16
3263,1
3264,1
3265,17
3266,5
3267,19
3268,4
3269,3
3270,4
3271,15
3272,9
3273,18
3274,9
3275,1
3276,4
3277,24
3278,0
3279,4
3280,2
3281,0
3282,11
3283,22
3284,0
3285,13
3286,5
3287,11
3288,6
3289,20
3290,0
3291,9
3292,12
3293,19
3294,17
3295,15
3296,10
3297,8
3298,12
3299,18
3300,20
3301,15
3302,6
3303,11
3304,14
3305,18
3306,16
3307,19
3308,17
3309,19
3310,24
3311,15
3312,1
3313,12
3314,10
3315,17
3316,19
3317,20
3318,3
3319,0
3320,4
3321,8
3322,24
3323,20
3324,10
3325,4
3326,12
3327,7
3328,18
3329,12
3330,23
3331,1
3332,2
3333,17
3334,1
3335,15
3336,0
3337,7
3338,8
3339,9
3340,11
3341,17
3342,0
3343,4
3344,20
3345,7
3346,1
3347,0
3348,5
3349,22
3350,2
3351,16
3352,12
3353,18
3354,4
3355,12
3356,6
3357,0
3358,16
3359,24
3360,23
3361,0
3362,0
3363,4
3364,1
3365,7
3366,2
3367,23
3368,16
3369,0
3370,8
3371,12
3372,15
3373,23
3374,9
3375,4
3376,9
3377,7
3378,17
3379,10
3380,2
3381,23
3382,8
3383,12
3384,22
3385,10
3386,0
3387,14
3388,20
3389,16
3390,17
3391,0
3392,1
3393,11
3394,16
3395,9
3396,17
3397,2
3398,23
3399,16
3400,6
3401,16
3402,16
3403,18
3404,10
3405,12
3406,2
3407,17
3408,7
3409,0
3410,23
3411,9
3412,7
3413,17
3414,24
3415,1
3416,7
3417,17
3418,1
3419,20
3420,11
3421,8
3422,22
3423,19
3424,20
3425,9
3426,23
3427,3
3428,12
3429,16
3430,21
3431,2
3432,3
3433,15
3434,1
3435,10
3436,1
3437,4
3438,10
3439,15
3440,23
3441,4
3442,4
3443,20
3444,11
3445,24
3446,0
3447,15
3448,2
3449,4
3450,2
3451,2
3452,8
3453,2
3454,19
3455,3
3456,17
3457,9
3458,21
3459,11
3460,0
3461,18
3462,18
3463,19
3464,7
3465,23
3466,7
3467,7
3468,10
3469,18
3470,4
3471,10
3472,19
3473,19
3474,18
3475,22
3476,17
3477,4
3478,16
3479,2
3480,6
3481,22
3482,0
3483,19
3484,0
3485,7
3486,17
3487,19
3488,0
3489,14
3490,10
3491,4
3492,14
3493,2
3494,8
3495,17
3496,15
3497,17
3498,10
3499,9
3500,15
3501,20
3502,23
3503,19
3504,15
3505,17
3506,5
3507,2
3508,8
3509,16
3510,6
3511,4
3512,16
3513,8
3514,15
3515,4
3516,16
3517,9
3518,3
3519,23
3520,17
3521,0
3522,6
3523,6
3524,8
3525,24
3526,7
3527,21
3528,12
3529,8
3530,10
3531,2
3532,1
3533,3
3534,21
3535,4
3536,21
3537,8
3538,14
3539,23
3540,15
3541,9
3542,10
3543,2
3544,24
3545,10
3546,7
3547,18
3548,1
3549,10
3550,9
3551,2
3552,11
3553,12
3554,0
3555,7
3556,0
3557,2
3558,5
3559,0
3560,23
3561,21
3562,12
3563,15
3564,22
3565,9
3566,23
3567,8
3568,7
3569,19
3570,9
3571,11
3572,12
3573,15
3574,7
3575,18
3576,23
3577,8
3578,10
3579,1
3580,0
3581,8
3582,2
3583,15
3584,17
3585,3
3586,16
3587,22
3588,10
3589,16
3590,10
3591,16
3592,4
3593,20
3594,12
3595,22
3596,12
3597,0
3598,10
3599,11
3600,23
3601,7
3602,13
3603,16
3604,2
3605,23
3606,18
3607,12
3608,2
3609,2
3610,12
3611,1
3612,2
3613,14
3614,12
3615,23
3616,0
3617,10
3618,24
3619,0
3620,1
3621,8
3622,21
3623,17
3624,4
3625,3
3626,2
3627,15
3628,10
3629,12
3630,2
3631,21
3632,0
3633,5
3634,1
3635,17
3636,22
3637,12
3638,1
3639,7
3640,0
3641,17
3642,3
3643,15
3644,18
3645,8
3646,23
3647,9
3648,7
3649,16
3650,24
3651,8
3652,18
3653,15
3654,19
3655,11
3656,9
3657,12
3658,8
3659,16
3660,19
3661,13
3662,2
3663,24
3664,4
3665,23
3666,2
3667,1
3668,18
3669,13
3670,8
3671,5
3672,12
3673,17
3674,7
3675,2
3676,4
3677,15
3678,17
3679,12
3680,2
3681,15
3682,7
3683,3
3684,19
3685,10
3686,3
3687,12
3688,1
3689,14
3690,18
3691,12
3692,12
3693,10
3694,1
3695,18
3696,16
3697,7
3698,22
3699,19
3700,17
3701,0
3702,12
3703,23
3704,6
3705,18
3706,3
3707,22
3708,14
3709,12
3710,18
3711,17
3712,24
3713,9
3714,4
3715,19
3716,0
3717,16
3718,4
3719,1
3720,12
3721,19
3722,8
3723,12
3724,4
3725,2
3726,0
3727,16
3728,16
3729,0
3730,12
3731,8
3732,2
3733,22
3734,10
3735,6
3736,17
3737,11
3738,1
3739,6
3740,0
3741,10
3742,11
3743,5
3744,24
3745,2
3746,15
3747,0
3748,11
3749,23
3750,2
3751,17
3752,6
3753,15
3754,23
3755,17
3756,8
3757,17
3758,12
3759,19
3760,12
3761,0
3762,17
3763,8
3764,1
3765,3
3766,18
3767,10
3768,7
3769,3
3770,13
3771,17
3772,10
3773,4
3774,9
3775,17
3776,7
3777,19
3778,6
3779,19
3780,15
3781,3
3782,22
3783,19
3784,12
3785,17
3786,15
3787,23
3788,11
3789,9
3790,2
3791,15
3792,16
3793,4
3794,18
3795,8
3796,16
3797,6
3798,19
3799,23
3800,24
3801,6
3802,2
3803,1
3804,1
3805,12
3806,24
3807,24
3808,8
3809,15
3810,17
3811,5
3812,16
3813,18
3814,4
3815,10
3816,7
3817,19
3818,21
3819,10
3820,9
3821,0
3822,12
3823,11
3824,19
3825,19
3826,23
3827,17
3828,17
3829,4
3830,3
3831,9
3832,0
3833,2
3834,0
3835,14
3836,24
3837,1
3838,8
3839,0
3840,10
3841,4
3842,0
3843,12
3844,2
3845,0
3846,12
3847,2
3848,15
3849,16
3850,10
3851,7
3852,3
3853,21
3854,24
3855,4
3856,15
3857,24
3858,4
3859,21
3860,11
3861,1
3862,8
3863,12
3864,19
3865,1
3866,3
3867,17
3868,19
3869,17
3870,18
3871,16
3872,12
3873,3
3874,0
3875,10
3876,23
3877,16
3878,14
3879,19
3880,23
3881,7
3882,9
3883,18
3884,24
3885,0
3886,23
3887,17
3888,1
3889,0
3890,23
3891,2
3892,19
3893,6
3894,8
3895,12
3896,8
3897,19
3898,2
3899,7
3900,10
3901,18
3902,2
3903,15
3904,8
3905,9
3906,2
3907,9
3908,23
3909,23
3910,12
3911,2
3912,0
3913,24
3914,15
3915,17
3916,10
3917,21
3918,16
3919,2
3920,8
3921,11
3922,5
3923,12
3924,24
3925,17
3926,9
3927,1
3928,9
3929,1
3930,9
3931,0
3932,19
3933,17
3934,8
3935,22
3936,6
3937,18
3938,16
3939,16
3940,19
3941,8
3942,11
3943,18
3944,20
3945,18
3946,17
3947,8
3948,19
3949,12
3950,16
3951,4
3952,15
3953,16
3954,18
3955,0
3956,21
3957,10
3958,17
3959,17
3960,2
3961,9
3962,10
3963,8
3964,12
3965,3
3966,23
3967,2
3968,9
3969,12
3970,14
3971,13
3972,2
3973,0
3974,22
3975,15
3976,19
3977,19
3978,2
3979,4
3980,2
3981,11
3982,0
3983,18
3984,1
3985,23
3986,5
3987,2
3988,2
3989,23
3990,3
3991,23
3992,10
3993,10
3994,8
3995,17
3996,10
3997,2
3998,4
3999,3
4000,10
4001,18
4002,19
4003,18
4004,4
4005,17
4006,20
4007,7
4008,2
4009,12
4010,4
4011,8
4012,12
4013,19
4014,17
4015,7
4016,4
4017,17
4018,8
4019,10
4020,7
4021,8
4022,12
4023,4
4024,6
4025,4
4026,5
4027,18
4028,2
4029,8
4030,7
4031,0
4032,4
4033,8
4034,0
4035,18
4036,9
4037,7
4038,17
4039,23
4040,16
4041,9
4042,15
4043,12
4044,8
4045,16
4046,16
4047,10
4048,7
4049,1
4050,12
4051,12
4052,4
4053,1
4054,2
4055,4
4056,23
4057,9
4058,24
4059,0
4060,8
4061,1
4062,2
4063,1
4064,24
4065,7
4066,20
4067,17
4068,18
4069,18
4070,10
4071,10
4072,24
4073,2
4074,12
4075,2
4076,21
4077,3
4078,9
4079,15
4080,1
4081,16
4082,5
4083,1
4084,2
4085,5
4086,3
4087,4
4088,0
4089,11
4090,8
4091,1
4092,1
4093,0
4094,4
4095,7
4096,16
4097,22
4098,1
4099,11
4100,0
4101,17
4102,15
4103,19
4104,18
4105,19
4106,17
4107,8
4108,8
4109,23
4110,11
4111,19
4112,24
4113,8
4114,18
4115,24
4116,10
4117,5
4118,16
4119,12
4120,15
4121,20
4122,10
4123,15
4124,4
4125,19
4126,13
4127,5
4128,11
4129,6
4130,14
4131,11
4132,7
4133,16
4134,12
4135,7
4136,6
4137,2
4138,24
4139,17
4140,2
4141,12
4142,12
4143,8
4144,23
4145,7
4146,15
4147,2
4148,9
4149,4
4150,11
4151,4
4152,12
4153,4
4154,2
4155,9
4156,20
4157,1
4158,13
4159,8
4160,22
4161,3
4162,2
4163,2
4164,17
4165,6
4166,17
4167,18
4168,19
4169,12
4170,10
4171,18
4172,4
4173,20
4174,4
4175,2
4176,23
4177,11
4178,3
4179,5
4180,9
4181,23
4182,16
4183,16
4184,8
4185,19
4186,21
4187,20
4188,1
4189,21
4190,8
4191,1
4192,22
4193,17
4194,7
4195,7
4196,4
4197,4
4198,15
4199,21
4200,11
4201,17
4202,9
4203,23
4204,24
4205,6
4206,15
4207,21
4208,1
4209,18
4210,15
4211,8
4212,18
4213,4
4214,15
4215,1
4216,11
4217,11
4218,17
4219,14
4220,22
4221,15
4222,16
4223,4
4224,0
4225,17
4226,4
4227,4
4228,17
4229,2
4230,4
4231,2
4232,0
4233,11
4234,15
4235,1
4236,0
4237,6
4238,0
4239,17
4240,17
4241,3
4242,8
4243,12
4244,10
4245,8
4246,0
4247,3
4248,10
4249,2
4250,6
4251,10
4252,9
4253,8
4254,17
4255,17
4256,1
4257,8
4258,12
4259,7
4260,22
4261,5
4262,23
4263,4
4264,11
4265,2
4266,10
4267,20
4268,9
4269,9
4270,7
4271,9
4272,2
4273,1
4274,3
4275,18
4276,2
4277,23
4278,1
4279,3
4280,21
4281,10
4282,8
4283,23
4284,9
4285,21
4286,8
4287,0
4288,9
4289,8
4290,6
4291,11
4292,12
4293,17
4294,11
4295,18
4296,15
4297,14
4298,2
4299,18
4300,11
4301,0
4302,7
4303,9
4304,14
4305,6
4306,18
4307,16
4308,18
4309,22
4310,13
4311,2
4312,10
4313,17
4314,0
4315,17
4316,0
4317,17
4318,11
4319,16
4320,22
4321,7
4322,12
4323,0
4324,23
4325,16
4326,15
4327,9
4328,1
4329,10
4330,11
4331,0
4332,17
4333,15
4334,8
4335,8
4336,5
4337,10
4338,15
4339,18
4340,9
4341,7
4342,8
4343,14
4344,3
4345,10
4346,9
4347,17
4348,6
4349,8
4350,4
4351,2
4352,8
4353,9
4354,19
4355,4
4356,11
4357,2
4358,12
4359,16
4360,1
4361,1
4362,1
4363,14
4364,12
4365,2
4366,12
4367,24
4368,16
4369,8
4370,11
4371,0
4372,15
4373,2
4374,0
4375,24
4376,22
4377,15
4378,7
4379,17
4380,12
4381,4
4382,16
4383,12
4384,12
4385,16
4386,24
4387,15
4388,16
4389,2
4390,9
4391,8
4392,16
4393,9
4394,23
4395,11
4396,16
4397,9
4398,0
4399,1
4400,6
4401,11
4402,6
4403,8
4404,19
4405,10
4406,4
4407,17
4408,8
4409,1
4410,4
4411,6
4412,17
4413,10
4414,18
4415,2
4416,2
4417,12
4418,23
4419,4
4420,0
4421,10
4422,20
4423,21
4424,0
4425,12
4426,6
4427,0
4428,1
4429,9
4430,24
4431,4
4432,15
4433,1
4434,5
4435,7
4436,7
4437,16
4438,1
4439,2
4440,10
4441,9
4442,10
4443,1
4444,10
4445,10
4446,7
4447,12
4448,16
4449,10
4450,22
4451,3
4452,0
4453,12
4454,0
4455,14
4456,23
4457,9
4458,2
4459,8
4460,3
4461,7
4462,2
4463,11
4464,9
4465,19
4466,24
4467,11
4468,19
4469,23
4470,15
4471,15
4472,11
4473,2
4474,0
4475,0
4476,15
4477,10
4478,4
4479,10
4480,8
4481,2
4482,8
4483,0
4484,7
4485,8
4486,8
4487,12
4488,15
4489,10
4490,11
4491,2
4492,17
4493,12
4494,19
4495,9
4496,19
4497,19
4498,23
4499,15
4500,4
4501,7
4502,10
4503,12
4504,10
4505,23
4506,18
4507,1
4508,19
4509,2
4510,5
4511,15
4512,21
4513,1
4514,15
4515,0
4516,20
4517,14
4518,14
4519,16
4520,24
4521,11
4522,4
4523,19
4524,23
4525,19
4526,3
4527,18
4528,24
4529,2
4530,7
4531,17
4532,12
4533,18
4534,12
4535,9
4536,12
4537,5
4538,8
4539,7
4540,7
4541,10
4542,7
4543,17
4544,8
4545,7
4546,11
4547,7
4548,2
4549,4
4550,19
4551,2
4552,16
4553,15
4554,23
4555,10
4556,23
4557,10
4558,4
4559,0
4560,16
4561,17
4562,8
4563,8
4564,8
4565,24
4566,8
4567,0
4568,22
4569,10
4570,4
4571,15
4572,15
4573,2
4574,19
4575,8
4576,16
4577,0
4578,24
4579,2
4580,2
4581,13
4582,2
4583,5
4584,11
4585,14
4586,3
4587,1
4588,0
4589,9
4590,4
4591,12
4592,7
4593,22
4594,7
4595,0
4596,12
4597,16
4598,0
4599,16
4600,4
4601,7
4602,2
4603,22
4604,5
4605,8
4606,24
4607,10
4608,1
4609,3
4610,8
4611,18
4612,19
4613,12
4614,2
4615,12
4616,1
4617,8
4618,23
4619,15
4620,20
4621,8
4622,16
4623,16
4624,18
4625,1
4626,17
4627,17
4628,21
4629,5
4630,14
4631,1
4632,21
4633,12
4634,6
4635,16
4636,17
4637,22
4638,9
4639,7
4640,12
4641,1
4642,0
4643,7
4644,6
4645,0
4646,18
4647,12
4648,17
4649,7
4650,13
4651,6
4652,7
4653,0
4654,1
4655,23
4656,16
4657,16
4658,17
4659,8
4660,19
4661,7
4662,13
4663,2
4664,11
4665,10
4666,18
4667,1
4668,0
4669,3
4670,0
4671,1
4672,0
4673,15
4674,13
4675,23
4676,2
4677,14
4678,0
4679,19
4680,0
4681,11
4682,11
4683,12
4684,17
4685,8
4686,24
4687,19
4688,1
4689,6
4690,11
4691,12
4692,2
4693,4
4694,2
4695,9
4696,17
4697,17
4698,10
4699,12
4700,18
4701,14
4702,10
4703,19
4704,9
4705,23
4706,1
4707,6
4708,8
4709,19
4710,15
4711,1
4712,4
4713,19
4714,2
4715,24
4716,17
4717,4
4718,10
4719,16
4720,12
4721,2
4722,10
4723,8
4724,23
4725,2
4726,12
4727,22
4728,19
4729,12
4730,6
4731,5
4732,2
4733,6
4734,9
4735,17
4736,19
4737,18
4738,10
4739,19
4740,10
4741,2
4742,1
4743,7
4744,3
4745,10
4746,4
4747,11
4748,6
4749,15
4750,12
4751,6
4752,0
4753,17
4754,23
4755,11
4756,15
4757,11
4758,0
4759,20
4760,8
4761,4
4762,20
4763,2
4764,9
4765,5
4766,0
4767,15
4768,19
4769,4
4770,9
4771,18
4772,9
4773,7
4774,23
4775,8
4776,17
4777,15
4778,7
4779,22
4780,0
4781,4
4782,12
4783,1
4784,23
4785,7
4786,6
4787,18
4788,18
4789,17
4790,8
4791,18
4792,18
4793,23
4794,8
4795,9
4796,0
4797,12
4798,20
4799,9
4800,2
4801,7
4802,4
4803,12
4804,1
4805,11
4806,17
4807,21
4808,12
4809,8
4810,15
4811,2
4812,9
4813,12
4814,16
4815,19
4816,0
4817,22
4818,18
4819,2
4820,19
4821,3
4822,17
4823,17
4824,15
4825,4
4826,22
4827,17
4828,14
4829,6
4830,14
4831,16
4832,10
4833,4
4834,7
4835,2
4836,24
4837,21
4838,7
4839,17
4840,15
4841,21
4842,4
4843,12
4844,19
4845,17
4846,17
4847,0
4848,19
4849,22
4850,17
4851,20
4852,2
4853,0
4854,12
4855,1
4856,13
4857,10
4858,2
4859,5
4860,11
4861,10
4862,15
4863,1
4864,12
4865,7
4866,11
4867,9
4868,17
4869,16
4870,8
4871,2
4872,22
4873,11
4874,15
4875,16
4876,4
4877,23
4878,23
4879,0
4880,0
4881,15
4882,12
4883,4
4884,2
4885,5
4886,1
4887,18
4888,0
4889,6
4890,3
4891,13
4892,20
4893,5
4894,2
4895,19
4896,12
4897,15
4898,7
4899,22
4900,9
4901,19
4902,2
4903,1
4904,8
4905,1
4906,4
4907,19
4908,13
4909,17
4910,7
4911,2
4912,2
4913,1
4914,6
4915,4
4916,16
4917,19
4918,3
4919,4
4920,15
4921,17
4922,7
4923,16
4924,18
4925,17
4926,20
4927,16
4928,10
4929,19
4930,2
4931,0
4932,15
4933,20
4934,4
4935,7
4936,21
4937,7
4938,18
4939,15
4940,1
4941,19
4942,15
4943,0
4944,4
4945,10
4946,18
4947,16
4948,22
4949,23
4950,22
4951,8
4952,6
4953,8
4954,18
4955,9
4956,15
4957,17
4958,3
4959,3
4960,7
4961,8
4962,19
4963,10
4964,3
4965,10
4966,10
4967,2
4968,9
4969,19
4970,9
4971,7
4972,14
4973,15
4974,12
4975,17
4976,0
4977,19
4978,2
4979,17
4980,7
4981,5
4982,24
4983,19
4984,10
4985,3
4986,0
4987,9
4988,20
4989,4
4990,22
4991,15
4992,7
4993,20
4994,17
4995,4
4996,12
4997,9
4998,12
4999,22
5000,18
5001,1
5002,7
5003,17
5004,6
5005,12
5006,12
5007,5
5008,12
5009,16
5010,1
5011,4
5012,6
5013,5
5014,17
5015,1
5016,16
5017,14
5018,12
5019,22
5020,1
5021,18
5022,1
5023,0
5024,10
5025,0
5026,4
5027,2
5028,7
5029,11
5030,15
5031,19
5032,22
5033,12
5034,7
5035,7
5036,1
5037,8
5038,12
5039,12
5040,11
5041,0
5042,23
5043,10
5044,15
5045,10
5046,3
5047,8
5048,23
5049,17
5050,7
5051,1
5052,2
5053,22
5054,6
5055,4
5056,17
5057,12
5058,17
5059,16
5060,23
5061,10
5062,9
5063,8
5064,0
5065,4
5066,11
5067,18
5068,23
5069,11
5070,0
5071,16
5072,16
5073,1
5074,23
5075,23
5076,9
5077,12
5078,5
5079,14
5080,18
5081,4
5082,1
5083,22
5084,5
5085,11
5086,18
5087,17
5088,18
5089,11
5090,0
5091,18
5092,6
5093,17
5094,4
5095,9
5096,12
5097,17
5098,10
5099,0
5100,23
5101,17
5102,0
5103,7
5104,23
5105,10
5106,13
5107,17
5108,11
5109,11
5110,19
5111,11
5112,0
5113,24
5114,10
5115,9
5116,10
5117,12
5118,1
5119,11
5120,8
5121,16
5122,16
5123,12
5124,15
5125,16
5126,19
5127,8
5128,17
5129,20
5130,7
5131,12
5132,15
5133,22
5134,1
5135,2
5136,19
5137,1
5138,20
5139,24
5140,1
5141,19
5142,15
5143,19
5144,4
5145,18
5146,1
5147,24
5148,12
5149,3
5150,20
5151,8
5152,2
5153,2
5154,20
5155,12
5156,21
5157,10
5158,7
5159,9
5160,20
5161,9
5162,13
5163,10
5164,19
5165,17
5166,2
5167,20
5168,19
5169,9
5170,3
5171,3
5172,6
5173,4
5174,8
5175,18
5176,18
5177,7
5178,10
5179,16
5180,7
5181,24
5182,12
5183,21
5184,8
5185,10
5186,14
5187,8
5188,19
5189,17
5190,4
5191,17
5192,9
5193,7
5194,0
5195,8
5196,23
5197,6
5198,5
5199,13
5200,10
5201,14
5202,16
5203,19
5204,7
5205,15
5206,5
5207,12
5208,11
5209,4
5210,17
5211,12
5212,18
5213,19
5214,2
5215,17
5216,8
5217,2
5218,21
5219,24
5220,12
5221,8
5222,22
5223,4
5224,4
5225,0
5226,4
5227,2
5228,9
5229,23
5230,4
5231,4
5232,5
5233,22
5234,15
5235,2
5236,10
5237,6
5238,12
5239,11
5240,4
5241,19
5242,8
5243,10
5244,7
5245,8
5246,12
5247,4
5248,7
5249,0
5250,9
5251,19
5252,8
5253,4
5254,3
5255,0
5256,6
5257,17
5258,21
5259,4
5260,18
5261,5
5262,5
5263,9
5264,20
5265,16
5266,16
5267,17
5268,12
5269,7
5270,4
5271,18
5272,1
5273,19
5274,7
5275,16
5276,2
5277,1
5278,2
5279,10
5280,0
5281,14
5282,14
5283,1
5284,8
5285,8
5286,4
5287,24
5288,6
5289,18
5290,9
5291,23
5292,1
5293,6
5294,10
5295,17
5296,13
5297,10
5298,23
5299,2
5300,18
5301,13
5302,0
5303,15
5304,18
5305,12
5306,19
5307,12
5308,2
5309,24
5310,17
5311,17
5312,3
5313,19
5314,7
5315,19
5316,4
5317,9
5318,10
5319,2
5320,4
5321,20
5322,23
5323,0
5324,10
5325,20
5326,15
5327,12
5328,4
5329,19
5330,10
5331,24
5332,17
5333,12
5334,21
5335,7
5336,6
5337,16
5338,17
5339,15
5340,0
5341,18
5342,17
5343,19
5344,7
5345,17
5346,18
5347,2
5348,14
5349,17
5350,24
5351,21
5352,22
5353,21
5354,18
5355,23
5356,1
5357,18
5358,10
5359,2
5360,16
5361,2
5362,17
5363,15
5364,24
5365,6
5366,9
5367,17
5368,24
5369,0
5370,4
5371,8
5372,10
5373,16
5374,5
5375,0
5376,1
5377,2
5378,11
5379,19
5380,12
5381,11
5382,19
5383,15
5384,19
5385,17
5386,17
5387,19
5388,24
5389,10
5390,4
5391,17
5392,9
5393,2
5394,10
5395,11
5396,4
5397,7
5398,24
5399,10
5400,22
5401,9
5402,10
5403,4
5404,2
5405,22
5406,11
5407,11
5408,7
5409,17
5410,1
5411,24
5412,19
5413,16
5414,7
5415,12
5416,15
5417,3
5418,20
5419,19
5420,6
5421,22
5422,20
5423,19
5424,22
5425,10
5426,18
5427,17
5428,23
5429,3
5430,12
5431,10
5432,15
5433,3
5434,7
5435,1
5436,12
5437,12
5438,1
5439,18
5440,5
5441,9
5442,18
5443,17
5444,18
5445,19
5446,16
5447,7
5448,14
5449,8
5450,23
5451,7
5452,15
5453,0
5454,2
5455,15
5456,10
5457,19
5458,8
5459,11
5460,10
5461,1
5462,16
5463,2
5464,19
5465,2
5466,22
5467,2
5468,2
5469,19
5470,2
5471,15
5472,12
5473,11
5474,17
5475,2
5476,4
5477,6
5478,17
5479,11
5480,12
5481,10
5482,15
5483,11
5484,7
5485,15
5486,1
5487,12
5488,15
5489,18
5490,11
5491,0
5492,8
5493,11
5494,17
5495,23
5496,3
5497,15
5498,1
5499,8
5500,12
5501,16
5502,9
5503,5
5504,7
5505,1
5506,11
5507,13
5508,20
5509,4
5510,24
5511,2
5512,2
5513,18
5514,4
5515,17
5516,16
5517,9
5518,12
5519,19
5520,4
5521,12
5522,3
5523,11
5524,9
5525,21
5526,18
5527,12
5528,22
5529,16
5530,11
5531,16
5532,16
5533,4
5534,2
5535,13
5536,11
5537,13
5538,24
5539,2
5540,23
5541,6
5542,20
5543,8
5544,3
5545,16
5546,5
5547,1
5548,0
5549,11
5550,15
5551,19
5552,0
5553,24
5554,4
5555,15
5556,0
5557,17
5558,10
5559,16
5560,18
5561,8
5562,1
5563,13
5564,9
5565,14
5566,18
5567,2
5568,8
5569,2
5570,16
5571,10
5572,2
5573,22
5574,1
5575,0
5576,9
5577,17
5578,3
5579,11
5580,23
5581,12
5582,7
5583,0
5584,10
5585,16
5586,6
5587,6
5588,22
5589,2
5590,3
5591,10
5592,2
5593,4
5594,15
5595,8
5596,20
5597,21
5598,23
5599,17
5600,7
5601,8
5602,17
5603,2
5604,8
5605,21
5606,8
5607,0
5608,17
5609,2
5610,20
5611,1
5612,10
5613,16
5614,10
5615,17
5616,4
5617,2
5618,19
5619,12
5620,24
5621,17
5622,9
5623,21
5624,23
5625,8
5626,4
5627,17
5628,2
5629,4
5630,1
5631,20
5632,1
5633,18
5634,2
5635,20
5636,17
5637,9
5638,18
5639,0
5640,6
5641,10
5642,8
5643,12
5644,16
5645,11
5646,11
5647,15
5648,7
5649,9
5650,23
5651,8
5652,16
5653,4
5654,15
5655,0
5656,2
5657,17
5658,5
5659,23
5660,10
5661,0
5662,2
5663,7
5664,17
5665,15
5666,3
5667,7
5668,18
5669,5
5670,6
5671,6
5672,15
5673,18
5674,2
5675,0
5676,18
5677,17
5678,14
5679,22
5680,11
5681,9
5682,7
5683,12
5684,12
5685,11
5686,6
5687,0
5688,7
5689,24
5690,3
5691,18
5692,10
5693,4
5694,16
5695,12
5696,2
5697,2
5698,9
5699,4
5700,6
5701,16
5702,4
5703,7
5704,12
5705,17
5706,18
5707,16
5708,4
5709,15
5710,23
5711,9
5712,23
5713,24
5714,1
5715,0
5716,4
5717,18
5718,10
5719,4
5720,20
5721,15
5722,18
5723,17
5724,18
5725,0
5726,2
5727,7
5728,2
5729,23
5730,1
5731,0
5732,16
5733,0
5734,19
5735,11
5736,8
5737,10
5738,0
5739,19
5740,12
5741,10
5742,0
5743,3
5744,9
5745,12
5746,12
5747,19
5748,1
5749,2
5750,4
5751,18
5752,11
5753,23
5754,1
5755,15
5756,12
5757,20
5758,0
5759,21
5760,17
5761,15
5762,12
5763,12
5764,12
5765,0
5766,10
5767,0
5768,15
5769,3
5770,22
5771,16
5772,12
5773,6
5774,12
5775,11
5776,2
5777,16
5778,11
5779,6
5780,16
5781,18
5782,17
5783,2
5784,19
5785,1
5786,15
5787,9
5788,24
5789,7
5790,2
5791,10
5792,16
5793,23
5794,23
5795,1
5796,5
5797,2
5798,16
5799,2
5800,23
5801,12
5802,12
5803,11
5804,12
5805,23
5806,7
5807,11
5808,18
5809,6
5810,19
5811,17
5812,12
5813,7
5814,0
5815,8
5816,1
5817,7
5818,2
5819,15
5820,2
5821,12
5822,12
5823,7
5824,0
5825,21
5826,10
5827,21
5828,11
5829,5
5830,2
5831,1
5832,17
5833,11
5834,10
5835,17
5836,16
5837,12
5838,17
5839,22
5840,0
5841,13
5842,19
5843,17
5844,2
5845,0
5846,10
5847,12
5848,15
5849,11
5850,5
5851,5
5852,23
5853,20
5854,11
5855,11
5856,17
5857,20
5858,0
5859,6
5860,23
5861,2
5862,4
5863,17
5864,1
5865,16
5866,6
5867,1
5868,18
5869,16
5870,23
5871,4
5872,17
5873,22
5874,13
5875,6
5876,10
5877,5
5878,11
5879,16
5880,11
5881,4
5882,24
5883,19
5884,5
5885,9
5886,10
5887,0
5888,9
5889,15
5890,16
5891,3
5892,23
5893,17
5894,1
5895,9
5896,0
5897,9
5898,4
5899,8
5900,18
5901,8
5902,9
5903,9
5904,3
5905,9
5906,8
5907,12
5908,0
5909,10
5910,4
5911,16
5912,12
5913,2
5914,20
5915,12
5916,23
5917,17
5918,7
5919,21
5920,11
5921,0
5922,2
5923,14
5924,4
5925,15
5926,17
5927,17
5928,6
5929,19
5930,7
5931,1
5932,22
5933,8
5934,0
5935,21
5936,23
5937,21
5938,7
5939,0
5940,8
5941,24
5942,22
5943,14
5944,4
5945,5
5946,22
5947,17
5948,9
5949,2
5950,7
5951,17
5952,12
5953,16
5954,2
5955,23
5956,8
5957,2
5958,4
5959,17
5960,0
5961,2
5962,24
5963,20
5964,12
5965,19
5966,0
5967,6
5968,9
5969,12
5970,19
5971,4
5972,14
5973,8
5974,15
5975,9
5976,4
5977,1
5978,16
5979,19
5980,14
5981,0
5982,23
5983,15
5984,6
5985,12
5986,20
5987,15
5988,17
5989,6
5990,2
5991,15
5992,18
5993,6
5994,15
5995,18
5996,10
5997,19
5998,14
5999,12
6000,11
6001,8
6002,12
6003,2
6004,21
6005,2
6006,12
6007,13
6008,11
6009,0
6010,2
6011,14
6012,24
6013,2
6014,12
6015,2
6016,3
6017,1
6018,12
6019,24
6020,2
6021,11
6022,5
6023,10
6024,19
6025,9
6026,4
6027,17
6028,1
6029,8
6030,1
6031,1
6032,11
6033,3
6034,15
6035,10
6036,11
6037,2
6038,12
6039,12
6040,18
6041,17
6042,21
6043,23
6044,13
6045,17
6046,0
6047,7
6048,2
6049,0
6050,12
6051,12
6052,18
6053,15
6054,0
6055,16
6056,0
6057,7
6058,3
6059,8
6060,7
6061,9
6062,16
6063,12
6064,16
6065,16
6066,9
6067,7
6068,14
6069,4
6070,3
6071,7
6072,2
6073,15
6074,16
6075,19
6076,0
6077,11
6078,12
6079,16
6080,21
6081,2
6082,2
6083,18
6084,12
6085,22
6086,18
6087,24
6088,1
6089,15
6090,17
6091,9
6092,23
6093,7
6094,23
6095,11
6096,9
6097,12
6098,0
6099,10
6100,2
6101,15
6102,12
6103,4
6104,10
6105,20
6106,2
6107,4
6108,9
6109,12
6110,12
6111,2
6112,15
6113,6
6114,4
6115,9
6116,17
6117,19
6118,2
6119,18
6120,8
6121,12
6122,15
6123,22
6124,23
6125,11
6126,16
6127,4
6128,0
6129,16
6130,2
6131,2
6132,17
6133,1
6134,5
6135,1
6136,0
6137,6
6138,12
6139,10
6140,8
6141,17
6142,22
6143,8
6144,14
6145,3
6146,0
6147,11
6148,7
6149,23
6150,23
6151,1
6152,17
6153,24
6154,0
6155,17
6156,2
6157,0
6158,4
6159,7
6160,24
6161,14
6162,15
6163,8
6164,11
6165,13
6166,2
6167,20
6168,9
6169,0
6170,12
6171,8
6172,21
6173,10
6174,22
6175,15
6176,0
6177,11
6178,2
6179,17
6180,19
6181,2
6182,4
6183,17
6184,10
6185,4
6186,20
6187,7
6188,10
6189,2
6190,12
6191,23
6192,2
6193,1
6194,9
6195,10
6196,1
6197,4
6198,0
6199,7
6200,3
6201,20
6202,22
6203,17
6204,22
6205,0
6206,24
6207,19
6208,14
6209,17
6210,7
6211,20
6212,9
6213,5
6214,1
6215,16
6216,0
6217,11
6218,4
6219,10
6220,5
6221,10
6222,7
6223,17
6224,0
6225,2
6226,10
6227,12
6228,4
6229,22
6230,8
6231,17
6232,8
6233,10
6234,14
6235,16
6236,10
6237,12
6238,11
6239,1
6240,8
6241,2
6242,12
6243,10
6244,12
6245,12
6246,14
6247,4
6248,2
6249,0
6250,15
6251,19
6252,16
6253,9
6254,0
6255,11
6256,2
6257,10
6258,23
6259,8
6260,13
6261,20
6262,2
6263,10
6264,18
6265,15
6266,6
6267,15
6268,18
6269,19
6270,23
6271,7
6272,16
6273,20
6274,10
6275,18
6276,1
6277,12
6278,7
6279,18
6280,16
6281,3
6282,18
6283,17
6284,7
6285,2
6286,18
6287,1
6288,17
6289,3
6290,3
6291,8
6292,6
6293,8
6294,10
6295,10
6296,12
6297,4
6298,22
6299,12
6300,15
6301,15
6302,10
6303,17
6304,8
6305,21
6306,23
6307,8
6308,1
6309,2
6310,11
6311,2
6312,4
6313,3
6314,19
6315,10
6316,17
6317,12
6318,22
6319,10
6320,2
6321,0
6322,23
6323,10
6324,22
6325,5
6326,9
6327,19
6328,22
6329,12
6330,4
6331,0
6332,4
6333,15
6334,2
6335,1
6336,17
6337,5
6338,12
6339,1
6340,0
6341,4
6342,4
6343,9
6344,10
6345,22
6346,8
6347,3
6348,22
6349,5
6350,15
6351,12
6352,9
6353,15
6354,9
6355,1
6356,23
6357,17
6358,19
6359,1
6360,20
6361,1
6362,12
6363,10
6364,8
6365,10
6366,5
6367,11
6368,3
6369,8
6370,9
6371,17
6372,1
6373,2
6374,2
6375,4
6376,4
6377,6
6378,9
6379,1
6380,12
6381,12
6382,22
6383,10
6384,3
6385,5
6386,21
6387,8
6388,21
6389,2
6390,22
6391,23
6392,8
6393,10
6394,23
6395,16
6396,12
6397,2
6398,8
6399,12
6400,15
6401,5
6402,9
6403,17
6404,14
6405,11
6406,19
6407,2
6408,7
6409,4
6410,12
6411,23
6412,19
6413,10
6414,0
6415,23
6416,2
6417,12
6418,23
6419,17
6420,10
6421,12
6422,24
6423,22
6424,10
6425,6
6426,6
6427,10
6428,8
6429,23
6430,18
6431,1
6432,10
6433,4
6434,11
6435,2
6436,2
6437,1
6438,18
6439,1
6440,16
6441,16
6442,8
6443,8
6444,16
6445,6
6446,24
6447,13
6448,19
6449,12
6450,10
6451,17
6452,7
6453,9
6454,0
6455,21
6456,10
6457,2
6458,17
6459,0
6460,15
6461,14
6462,11
6463,9
6464,2
6465,19
6466,23
6467,4
6468,15
6469,18
6470,23
6471,9
6472,7
6473,17
6474,18
6475,10
6476,2
6477,12
6478,9
6479,15
6480,17
6481,23
6482,15
6483,24
6484,15
6485,18
6486,8
6487,8
6488,0
6489,17
6490,24
6491,6
6492,2
6493,15
6494,7
6495,5
6496,12
6497,19
6498,11
6499,10
6500,0
6501,10
6502,3
6503,7
6504,23
6505,15
6506,1
6507,8
6508,19
6509,7
6510,11
6511,16
6512,0
6513,18
6514,15
6515,21
6516,8
6517,8
6518,24
6519,3
6520,18
6521,21
6522,19
6523,18
6524,11
6525,12
6526,16
6527,16
6528,11
6529,4
6530,19
6531,0
6532,17
6533,12
6534,17
6535,9
6536,24
6537,23
6538,13
6539,5
6540,20
6541,21
6542,7
6543,18
6544,9
6545,16
6546,6
6547,4
6548,23
6549,10
6550,2
6551,9
6552,4
6553,17
6554,0
6555,12
6556,0
6557,2
6558,10
6559,10
6560,1
6561,2
6562,6
6563,18
6564,0
6565,9
6566,11
6567,2
6568,15
6569,3
6570,4
6571,10
6572,10
6573,10
6574,18
6575,15
6576,18
6577,4
6578,5
6579,4
6580,2
6581,21
6582,9
6583,2
6584,8
6585,7
6586,4
6587,10
6588,12
6589,9
6590,12
6591,5
6592,21
6593,24
6594,0
6595,2
6596,16
6597,0
6598,19
6599,0
6600,19
6601,7
6602,2
6603,1
6604,10
6605,9
6606,8
6607,12
6608,11
6609,4
6610,16
6611,8
6612,9
6613,24
6614,13
6615,12
6616,12
6617,8
6618,24
6619,20
6620,10
6621,12
6622,4
6623,17
6624,17
6625,2
6626,1
6627,19
6628,23
6629,10
6630,17
6631,0
6632,12
6633,1
6634,10
6635,4
6636,13
6637,23
6638,0
6639,18
6640,9
6641,15
6642,10
6643,1
6644,15
6645,19
6646,8
6647,0
6648,16
6649,17
6650,8
6651,15
6652,18
6653,23
6654,1
6655,21
6656,11
6657,12
6658,17
6659,7
6660,17
6661,2
6662,11
6663,12
6664,9
6665,12
6666,17
6667,1
6668,2
6669,10
6670,2
6671,10
6672,8
6673,16
6674,10
6675,3
6676,1
6677,2
6678,12
6679,21
6680,12
6681,12
6682,19
6683,0
6684,16
6685,8
6686,7
6687,10
6688,24
6689,12
6690,14
6691,8
6692,16
6693,19
6694,12
6695,8
6696,1
6697,0
6698,9
6699,23
6700,0
6701,24
6702,20
6703,2
6704,18
6705,7
6706,13
6707,22
6708,10
6709,22
6710,15
6711,14
6712,11
6713,4
6714,10
6715,1
6716,16
6717,3
6718,18
6719,18
6720,15
6721,8
6722,24
6723,13
6724,15
6725,12
6726,16
6727,6
6728,12
6729,0
6730,22
6731,3
6732,15
6733,18
6734,2
6735,20
6736,22
6737,4
6738,4
6739,10
6740,16
6741,21
6742,23
6743,4
6744,15
6745,12
6746,9
6747,10
6748,19
6749,17
6750,23
6751,1
6752,19
6753,4
6754,17
6755,17
6756,20
6757,7
6758,7
6759,5
6760,23
6761,22
6762,23
6763,10
6764,11
6765,4
6766,19
6767,8
6768,2
6769,16
6770,2
6771,23
6772,12
6773,24
6774,12
6775,4
6776,17
6777,0
6778,17
6779,1
6780,8
6781,2
6782,4
6783,16
6784,4
6785,10
6786,14
6787,15
6788,1
6789,23
6790,3
6791,11
6792,2
6793,2
6794,5
6795,14
6796,24
6797,7
6798,5
6799,11
6800,0
6801,0
6802,2
6803,0
6804,15
6805,2
6806,12
6807,18
6808,11
6809,2
6810,10
6811,18
6812,19
6813,15
6814,4
6815,11
6816,2
6817,17
6818,0
6819,0
6820,9
6821,17
6822,2
6823,2
6824,6
6825,7
6826,6
6827,23
6828,17
6829,4
6830,4
6831,23
6832,9
6833,0
6834,22
6835,1
6836,0
6837,2
6838,7
6839,18
6840,12
6841,17
6842,0
6843,7
6844,2
6845,10
6846,4
6847,22
6848,1
6849,17
6850,17
6851,11
6852,3
6853,8
6854,21
6855,17
6856,20
6857,2
6858,10
6859,20
6860,9
6861,22
6862,0
6863,8
6864,8
6865,9
6866,20
6867,2
6868,7
6869,19
6870,0
6871,2
6872,19
6873,19
6874,17
6875,8
6876,13
6877,12
6878,16
6879,23
6880,11
6881,5
6882,16
6883,9
6884,19
6885,3
6886,2
6887,2
6888,17
6889,13
6890,12
6891,10
6892,5
6893,18
6894,4
6895,9
6896,0
6897,12
6898,2
6899,9
6900,10
6901,2
6902,21
6903,8
6904,0
6905,14
6906,2
6907,1
6908,5
6909,8
6910,8
6911,15
6912,8
6913,20
6914,18
6915,2
6916,19
6917,22
6918,17
6919,10
6920,19
6921,8
6922,12
6923,18
6924,8
6925,7
6926,8
6927,4
6928,20
6929,20
6930,7
6931,23
6932,10
6933,23
6934,17
6935,9
6936,23
6937,11
6938,4
6939,4
6940,2
6941,0
6942,8
6943,1
6944,2
6945,2
6946,10
6947,24
6948,15
6949,7
6950,13
6951,19
6952,12
6953,23
6954,18
6955,2
6956,10
6957,19
6958,8
6959,17
6960,12
6961,4
6962,2
6963,10
6964,3
6965,12
6966,3
6967,23
6968,8
6969,17
6970,1
6971,23
6972,2
6973,0
6974,7
6975,10
6976,9
6977,15
6978,4
6979,12
6980,21
6981,2
6982,2
6983,12
6984,23
6985,10
6986,16
6987,23
6988,12
6989,21
6990,20
6991,24
6992,0
6993,1
6994,11
6995,17
6996,9
6997,3
6998,2
6999,4
7000,17
7001,8
7002,12
7003,18
7004,15
7005,10
7006,9
7007,10
7008,4
7009,12
7010,18
7011,10
7012,4
7013,9
7014,15
7015,4
7016,1
7017,2
7018,4
7019,17
7020,4
7021,16
7022,13
7023,15
7024,17
7025,21
7026,2
7027,10
7028,0
7029,11
7030,1
7031,2
7032,1
7033,10
7034,2
7035,8
7036,24
7037,6
7038,1
7039,9
7040,7
7041,10
7042,7
7043,12
7044,18
7045,18
7046,12
7047,22
7048,2
7049,17
7050,2
7051,16
7052,24
7053,17
7054,24
7055,16
7056,22
7057,8
7058,19
7059,23
7060,11
7061,1
7062,15
7063,7
7064,0
7065,3
7066,12
7067,17
7068,7
7069,0
7070,11
7071,15
7072,10
7073,14
7074,24
7075,1
7076,3
7077,7
7078,2
7079,12
7080,9
7081,3
7082,15
7083,24
7084,7
7085,2
7086,4
7087,12
7088,8
7089,5
7090,15
7091,19
7092,12
7093,14
7094,2
7095,4
7096,9
7097,21
7098,15
7099,15
7100,5
7101,5
7102,8
7103,3
7104,11
7105,7
7106,17
7107,4
7108,4
7109,1
7110,8
7111,0
7112,8
7113,6
7114,7
7115,0
7116,16
7117,2
7118,3
7119,17
7120,16
7121,20
7122,2
7123,10
7124,5
7125,6
7126,19
7127,14
7128,0
7129,12
7130,7
7131,23
7132,11
7133,19
7134,12
7135,18
7136,16
7137,2
7138,4
7139,18
7140,24
7141,19
7142,24
7143,21
7144,1
7145,21
7146,10
7147,15
7148,6
7149,19
7150,2
7151,0
7152,1
7153,15
7154,16
7155,23
7156,8
7157,21
7158,1
7159,21
7160,23
7161,0
7162,4
7163,16
7164,14
7165,2
7166,8
7167,7
7168,0
7169,23
7170,6
7171,15
7172,4
7173,7
7174,0
7175,8
7176,21
7177,21
7178,17
7179,0
7180,23
7181,8
7182,24
7183,7
7184,3
7185,12
7186,12
7187,5
7188,11
7189,18
7190,24
7191,6
7192,2
7193,23
7194,23
7195,17
7196,17
7197,0
7198,17
7199,7
7200,1
7201,4
7202,0
7203,2
7204,21
7205,16
7206,22
7207,1
7208,1
7209,2
7210,9
7211,23
7212,3
7213,4
7214,9
7215,9
7216,12
7217,5
7218,2
7219,17
7220,19
7221,16
7222,18
7223,4
7224,1
7225,17
7226,0
7227,1
7228,23
7229,18
7230,15
7231,0
7232,3
7233,2
7234,8
7235,0
7236,6
7237,9
7238,22
7239,11
7240,2
7241,4
7242,18
7243,7
7244,1
7245,7
7246,8
7247,17
7248,10
7249,10
7250,15
7251,9
7252,2
7253,4
7254,10
7255,12
7256,3
7257,15
7258,13
7259,14
7260,19
7261,14
7262,1
7263,7
7264,15
7265,0
7266,18
7267,11
7268,11
7269,9
7270,1
7271,10
7272,10
7273,10
7274,8
7275,18
7276,19
7277,6
7278,24
7279,2
7280,2
7281,0
7282,4
7283,20
7284,10
7285,9
7286,17
7287,12
7288,6
7289,17
7290,0
7291,14
7292,2
7293,23
7294,4
7295,7
7296,14
7297,11
7298,9
7299,12
7300,1
7301,13
7302,11
7303,2
7304,4
7305,15
7306,8
7307,8
7308,23
7309,23
7310,17
7311,15
7312,4
7313,3
7314,2
7315,19
7316,15
7317,13
7318,8
7319,23
7320,1
7321,14
7322,15
7323,12
7324,6
7325,8
7326,7
7327,7
7328,6
7329,6
7330,10
7331,4
7332,19
7333,17
7334,23
7335,14
7336,10
7337,15
7338,12
7339,7
7340,0
7341,13
7342,4
7343,24
7344,5
7345,23
7346,14
7347,10
7348,4
7349,0
7350,10
7351,4
7352,17
7353,8
7354,15
7355,19
7356,3
7357,7
7358,12
7359,1
7360,4
7361,16
7362,2
7363,3
7364,9
7365,12
7366,7
7367,12
7368,12
7369,22
7370,2
7371,20
7372,9
7373,1
7374,21
7375,9
7376,3
7377,4
7378,15
7379,15
7380,15
7381,22
7382,16
7383,12
7384,22
7385,0
7386,19
7387,11
7388,21
7389,18
7390,6
7391,12
7392,22
7393,3
7394,4
7395,3
7396,9
7397,2
7398,23
7399,17
7400,4
7401,2
7402,21
7403,13
7404,15
7405,6
7406,24
7407,15
7408,18
7409,2
7410,0
7411,23
7412,8
7413,18
7414,4
7415,2
7416,14
7417,16
7418,12
7419,17
7420,18
7421,0
7422,11
7423,10
7424,6
7425,12
7426,3
7427,0
7428,8
7429,9
7430,11
7431,22
7432,11
7433,12
7434,23
7435,18
7436,4
7437,10
7438,3
7439,9
7440,19
7441,12
7442,18
7443,15
7444,18
7445,12
7446,8
7447,3
7448,16
7449,6
7450,7
7451,14
7452,17
7453,12
7454,0
7455,1
7456,12
7457,11
7458,6
7459,12
7460,23
7461,1
7462,19
7463,15
7464,0
7465,10
7466,17
7467,5
7468,15
7469,4
7470,8
7471,24
7472,18
7473,11
7474,17
7475,16
7476,2
7477,16
7478,17
7479,16
7480,2
7481,2
7482,9
7483,2
7484,10
7485,23
7486,0
7487,18
7488,10
7489,22
7490,7
7491,10
7492,2
7493,15
7494,0
7495,15
7496,17
7497,3
7498,2
7499,8
7500,2
7501,9
7502,14
7503,2
7504,11
7505,17
7506,16
7507,2
7508,23
7509,16
7510,17
7511,24
7512,5
7513,7
7514,16
7515,1
7516,12
7517,13
7518,7
7519,10
7520,7
7521,11
7522,9
7523,1
7524,4
7525,1
7526,10
7527,4
7528,4
7529,5
7530,18
7531,15
7532,4
7533,20
7534,9
7535,9
7536,22
7537,24
7538,8
7539,9
7540,12
7541,8
7542,15
7543,1
7544,0
7545,8
7546,23
7547,9
7548,16
7549,13
7550,23
7551,3
7552,6
7553,8
7554,0
7555,7
7556,1
7557,12
7558,8
7559,0
7560,8
7561,2
7562,1
7563,12
7564,23
7565,7
7566,24
7567,8
7568,10
7569,9
7570,5
7571,21
7572,18
7573,16
7574,17
7575,4
7576,15
7577,8
7578,16
7579,9
7580,0
7581,9
7582,23
7583,13
7584,20
7585,9
7586,17
7587,0
7588,4
7589,2
7590,16
7591,15
7592,15
7593,6
7594,2
7595,2
7596,1
7597,10
7598,24
7599,19
7600,2
7601,12
7602,16
7603,17
7604,2
7605,12
7606,3
7607,10
7608,22
7609,19
7610,9
7611,4
7612,18
7613,1
7614,0
7615,8
7616,18
7617,1
7618,17
7619,10
7620,8
7621,0
7622,8
7623,19
7624,11
7625,0
7626,18
7627,12
7628,9
7629,15
7630,8
7631,1
7632,17
7633,18
7634,19
7635,5
7636,11
7637,4
7638,1
7639,7
7640,12
7641,10
7642,8
7643,7
7644,20
7645,23
7646,9
7647,0
7648,2
7649,15
7650,8
7651,8
7652,12
7653,6
7654,1
7655,18
7656,2
7657,9
7658,8
7659,6
7660,4
7661,23
7662,6
7663,16
7664,0
7665,5
7666,7
7667,23
7668,24
7669,2
7670,10
7671,9
7672,19
7673,3
7674,10
7675,4
7676,4
7677,10
7678,6
7679,6
7680,15
7681,15
7682,3
7683,20
7684,24
7685,21
7686,17
7687,9
7688,15
7689,18
7690,0
7691,23
7692,19
7693,1
7694,8
7695,2
7696,18
7697,18
7698,19
7699,23
7700,12
7701,9
7702,0
7703,2
7704,9
7705,0
7706,10
7707,11
7708,18
7709,5
7710,11
7711,17
7712,2
7713,12
7714,17
7715,17
7716,24
7717,1
7718,6
7719,8
7720,7
7721,6
7722,6
7723,12
7724,10
7725,0
7726,7
7727,12
7728,2
7729,19
7730,9
7731,3
7732,10
7733,22
7734,15
7735,18
7736,13
7737,12
7738,12
7739,10
7740,1
7741,9
7742,0
7743,24
7744,12
7745,18
7746,8
7747,23
7748,5
7749,1
7750,1
7751,4
7752,17
7753,3
7754,17
7755,10
7756,18
7757,21
7758,6
7759,2
7760,23
7761,2
7762,7
7763,10
7764,12
7765,1
7766,15
7767,0
7768,14
7769,4
7770,18
7771,18
7772,9
7773,4
7774,0
7775,15
7776,17
7777,17
7778,16
7779,4
7780,1
7781,10
7782,10
7783,7
7784,17
7785,12
7786,2
7787,8
7788,4
7789,4
7790,17
7791,4
7792,0
7793,6
7794,10
7795,15
7796,2
7797,15
7798,12
7799,24
7800,8
7801,8
7802,12
7803,15
7804,21
7805,16
7806,14
7807,17
7808,8
7809,17
7810,15
7811,15
7812,4
7813,8
7814,20
7815,22
7816,8
7817,17
7818,9
7819,1
7820,6
7821,7
7822,1
7823,12
7824,1
7825,4
7826,7
7827,24
7828,11
7829,4
7830,15
7831,20
7832,20
7833,16
7834,8
7835,1
7836,2
7837,2
7838,12
7839,0
7840,22
7841,12
7842,6
7843,3
7844,17
7845,10
7846,4
7847,19
7848,8
7849,1
7850,21
7851,2
7852,11
7853,6
7854,7
7855,2
7856,12
7857,15
7858,2
7859,8
7860,18
7861,3
7862,12
7863,2
7864,0
7865,2
7866,0
7867,12
7868,17
7869,0
7870,9
7871,1
7872,10
7873,10
7874,20
7875,1
7876,18
7877,5
7878,8
7879,5
7880,10
7881,7
7882,18
7883,2
7884,2
7885,15
7886,15
7887,18
7888,2
7889,8
7890,17
7891,13
7892,23
7893,0
7894,15
7895,8
7896,2
7897,23
7898,7
7899,23
7900,12
7901,12
7902,2
7903,2
7904,17
7905,5
7906,0
7907,18
7908,5
7909,9
7910,23
7911,11
7912,17
7913,10
7914,12
7915,3
7916,12
7917,15
7918,4
7919,15
7920,17
7921,19
7922,15
7923,8
7924,18
7925,1
7926,9
7927,8
7928,12
7929,24
7930,17
7931,12
7932,9
7933,17
7934,15
7935,4
7936,22
7937,19
7938,17
7939,5
7940,5
7941,0
7942,14
7943,3
7944,21
7945,6
7946,1
7947,4
7948,6
7949,18
7950,7
7951,0
7952,7
7953,2
7954,7
7955,17
7956,3
7957,4
7958,10
7959,9
7960,10
7961,24
7962,2
7963,0
7964,16
7965,10
7966,13
7967,18
7968,19
7969,0
7970,11
7971,4
7972,19
7973,17
7974,21
7975,0
7976,12
7977,9
7978,10
7979,9
7980,18
7981,5
7982,19
7983,18
7984,23
7985,21
7986,12
7987,6
7988,9
7989,12
7990,6
7991,2
7992,10
7993,9
7994,15
7995,11
7996,21
7997,8
7998,17
7999,19
8000,8
8001,24
8002,10
8003,15
8004,9
8005,23
8006,0
8007,1
8008,7
8009,10
8010,23
8011,2
8012,10
8013,6
8014,11
8015,12
8016,12
8017,15
8018,12
8019,1
8020,4
8021,5
8022,3
8023,1
8024,5
8025,15
8026,0
8027,17
8028,18
8029,9
8030,1
8031,19
8032,2
8033,15
8034,10
8035,9
8036,0
8037,17
8038,7
8039,0
8040,9
8041,18
8042,14
8043,24
8044,4
8045,23
8046,16
8047,16
8048,8
8049,7
8050,12
8051,17
8052,4
8053,16
8054,10
8055,2
8056,20
8057,23
8058,16
8059,0
8060,18
8061,17
8062,2
8063,23
8064,3
8065,7
8066,23
8067,22
8068,4
8069,15
8070,10
8071,1
8072,4
8073,1
8074,4
8075,19
8076,7
8077,5
8078,5
8079,17
8080,4
8081,23
8082,12
8083,18
8084,24
8085,5
8086,24
8087,7
8088,4
8089,2
8090,23
8091,1
8092,11
8093,12
8094,19
8095,11
8096,7
8097,19
8098,13
8099,23
8100,18
8101,20
8102,4
8103,3
8104,0
8105,9
8106,2
8107,7
8108,2
8109,10
8110,20
8111,22
8112,4
8113,6
8114,23
8115,18
8116,2
8117,0
8118,7
8119,16
8120,19
8121,0
8122,0
8123,10
8124,9
8125,0
8126,14
8127,1
8128,4
8129,6
8130,17
8131,22
8132,17
8133,6
8134,9
8135,7
8136,21
8137,12
8138,17
8139,0
8140,0
8141,18
8142,18
8143,9
8144,21
8145,21
8146,22
8147,0
8148,19
8149,0
8150,0
8151,0
8152,14
8153,18
8154,12
8155,2
8156,9
8157,24
8158,1
8159,11
8160,11
8161,3
8162,22
8163,2
8164,10
8165,16
8166,13
8167,24
8168,4
8169,12
8170,0
8171,19
8172,15
8173,14
8174,11
8175,2
8176,8
8177,1
8178,18
8179,2
8180,12
8181,9
8182,10
8183,7
8184,12
8185,18
8186,0
8187,0
8188,7
8189,1
8190,4
8191,23
8192,7
8193,17
8194,12
8195,18
8196,2
8197,8
8198,23
8199,4
8200,23
8201,16
8202,19
8203,0
8204,8
8205,0
8206,20
8207,7
8208,15
8209,15
8210,2
8211,10
8212,13
8213,18
8214,15
8215,14
8216,24
8217,8
8218,23
8219,17
8220,3
8221,16
8222,12
8223,12
8224,18
8225,7
8226,4
8227,1
8228,0
8229,10
8230,10
8231,4
8232,22
8233,11
8234,4
8235,2
8236,0
8237,9
8238,10
8239,7
8240,0
8241,23
8242,16
8243,18
8244,14
8245,23
8246,20
8247,15
8248,3
8249,9
8250,17
8251,14
8252,8
8253,6
8254,0
8255,2
8256,2
8257,1
8258,19
8259,9
8260,9
8261,18
8262,19
8263,18
8264,10
8265,7
8266,0
8267,4
8268,20
8269,1
8270,15
8271,1
8272,2
8273,4
8274,2
8275,0
8276,7
8277,13
8278,21
8279,4
8280,4
8281,1
8282,15
8283,2
8284,15
8285,1
8286,1
8287,15
8288,4
8289,9
8290,12
8291,7
8292,12
8293,7
8294,1
8295,20
8296,14
8297,23
8298,23
8299,24
8300,8
8301,0
8302,24
8303,7
8304,3
8305,2
8306,24
8307,17
8308,12
8309,10
8310,4
8311,18
8312,19
8313,16
8314,24
8315,23
8316,17
8317,3
8318,10
8319,4
8320,20
8321,2
8322,1
8323,3
8324,10
8325,7
8326,15
8327,12
8328,4
8329,0
8330,16
8331,5
8332,7
8333,20
8334,6
8335,17
8336,0
8337,9
8338,18
8339,10
8340,23
8341,0
8342,1
8343,17
8344,19
8345,4
8346,0
8347,19
8348,8
8349,9
8350,0
8351,21
8352,1
8353,7
8354,9
8355,12
8356,3
8357,12
8358,1
8359,21
8360,11
8361,12
8362,7
8363,12
8364,21
8365,2
8366,4
8367,0
8368,18
8369,22
8370,9
8371,15
8372,0
8373,15
8374,0
8375,14
8376,4
8377,11
8378,12
8379,5
8380,12
8381,15
8382,23
8383,3
8384,12
8385,0
8386,24
8387,21
8388,20
8389,3
8390,14
8391,15
8392,18
8393,23
8394,15
8395,2
8396,10
8397,7
8398,10
8399,8
8400,8
8401,1
8402,8
8403,10
8404,4
8405,2
8406,19
8407,5
8408,9
8409,8
8410,13
8411,10
8412,0
8413,3
8414,1
8415,1
8416,4
8417,7
8418,8
8419,15
8420,12
8421,23
8422,12
8423,11
8424,17
8425,24
8426,2
8427,24
8428,0
8429,20
8430,7
8431,2
8432,11
8433,5
8434,14
8435,3
8436,12
8437,0
8438,17
8439,9
8440,15
8441,0
8442,1
8443,16
8444,2
8445,12
8446,0
8447,15
8448,16
8449,7
8450,17
8451,11
8452,3
8453,12
8454,3
8455,17
8456,22
8457,0
8458,4
8459,18
8460,6
8461,22
8462,17
8463,2
8464,4
8465,17
8466,16
8467,17
8468,9
8469,7
8470,4
8471,19
8472,18
8473,11
8474,12
8475,14
8476,21
8477,5
8478,2
8479,3
8480,11
8481,11
8482,10
8483,1
8484,11
8485,8
8486,16
8487,15
8488,8
8489,2
8490,9
8491,6
8492,3
8493,8
8494,6
8495,4
8496,2
8497,0
8498,8
8499,16
8500,0
8501,20
8502,11
8503,1
8504,8
8505,15
8506,1
8507,21
8508,6
8509,15
8510,12
8511,16
8512,17
8513,18
8514,3
8515,9
8516,0
8517,10
8518,12
8519,8
8520,10
8521,8
8522,10
8523,12
8524,20
8525,5
8526,5
8527,7
8528,15
8529,0
8530,15
8531,10
8532,10
8533,4
8534,8
8535,22
8536,11
8537,7
8538,15
8539,2
8540,0
8541,4
8542,18
8543,4
8544,10
8545,0
8546,5
8547,1
8548,4
8549,15
8550,20
8551,14
8552,11
8553,6
8554,15
8555,15
8556,15
8557,12
8558,16
8559,14
8560,12
8561,2
8562,4
8563,7
8564,18
8565,9
8566,16
8567,2
8568,22
8569,0
8570,17
8571,12
8572,17
8573,18
8574,4
8575,16
8576,18
8577,8
8578,23
8579,3
8580,23
8581,0
8582,9
8583,10
8584,21
8585,3
8586,24
8587,4
8588,21
8589,18
8590,24
8591,23
8592,1
8593,18
8594,0
8595,19
8596,0
8597,17
8598,7
8599,4
8600,7
8601,5
8602,12
8603,20
8604,15
8605,24
8606,9
8607,3
8608,10
8609,4
8610,17
8611,17
8612,9
8613,5
8614,11
8615,11
8616,19
8617,9
8618,1
8619,10
8620,0
8621,9
8622,4
8623,1
8624,10
8625,11
8626,9
8627,12
8628,8
8629,16
8630,2
8631,12
8632,15
8633,8
8634,9
8635,0
8636,6
8637,2
8638,9
8639,1
8640,17
8641,23
8642,17
8643,8
8644,20
8645,17
8646,0
8647,4
8648,9
8649,1
8650,5
8651,19
8652,17
8653,16
8654,1
8655,2
8656,1
8657,10
8658,17
8659,6
8660,2
8661,11
8662,12
8663,18
8664,23
8665,1
8666,7
8667,18
8668,16
8669,14
8670,0
8671,23
8672,5
8673,20
8674,17
8675,9
8676,2
8677,11
8678,2
8679,23
8680,22
8681,12
8682,0
8683,6
8684,3
8685,14
8686,5
8687,2
8688,2
8689,15
8690,7
8691,19
8692,17
8693,3
8694,5
8695,19
8696,4
8697,2
8698,15
8699,7
8700,6
8701,12
8702,15
8703,20
8704,10
8705,18
8706,10
8707,7
8708,16
8709,10
8710,12
8711,3
8712,17
8713,4
8714,4
8715,18
8716,19
8717,19
8718,9
8719,0
8720,12
8721,8
8722,9
8723,10
8724,21
8725,4
8726,11
8727,10
8728,0
8729,2
8730,0
8731,0
8732,11
8733,12
8734,16
8735,12
8736,23
8737,17
8738,18
8739,15
8740,16
8741,10
8742,4
8743,21
8744,0
8745,20
8746,16
8747,2
8748,10
8749,4
8750,4
8751,17
8752,12
8753,17
8754,3
8755,18
8756,8
8757,23
8758,20
8759,7
8760,15
8761,9
8762,6
8763,17
8764,4
8765,6
8766,17
8767,9
8768,2
8769,17
8770,10
8771,22
8772,19
8773,15
8774,19
8775,20
8776,12
8777,17
8778,15
8779,4
8780,12
8781,0
8782,7
8783,3
8784,9
8785,0
8786,22
8787,13
8788,22
8789,16
8790,21
8791,5
8792,19
8793,21
8794,0
8795,17
8796,2
8797,16
8798,19
8799,5
8800,12
8801,4
8802,23
8803,23
8804,10
8805,3
8806,10
8807,15
8808,24
8809,1
8810,12
8811,2
8812,16
8813,13
8814,1
8815,22
8816,17
8817,5
8818,10
8819,1
8820,17
8821,12
8822,2
8823,2
8824,2
8825,22
8826,23
8827,3
8828,23
8829,18
8830,2
8831,16
8832,19
8833,17
8834,22
8835,12
8836,7
8837,16
8838,0
8839,15
8840,16
8841,16
8842,16
8843,4
8844,12
8845,15
8846,23
8847,9
8848,2
8849,12
8850,14
8851,12
8852,20
8853,1
8854,11
8855,1
8856,11
8857,0
8858,16
8859,15
8860,8
8861,9
8862,5
8863,8
8864,11
8865,15
8866,18
8867,8
8868,1
8869,23
8870,0
8871,2
8872,16
8873,0
8874,5
8875,6
8876,12
8877,3
8878,0
8879,14
8880,10
8881,9
8882,5
8883,13
8884,15
8885,24
8886,7
8887,7
8888,9
8889,11
8890,24
8891,2
8892,10
8893,8
8894,10
8895,23
8896,11
8897,24
8898,8
8899,24
8900,15
8901,7
8902,13
8903,8
8904,9
8905,24
8906,8
8907,3
8908,19
8909,16
8910,23
8911,0
8912,1
8913,9
8914,1
8915,16
8916,24
8917,8
8918,15
8919,13
8920,10
8921,8
8922,12
8923,8
8924,17
8925,0
8926,12
8927,17
8928,12
8929,5
8930,12
8931,17
8932,4
8933,2
8934,15
8935,2
8936,15
8937,9
8938,5
8939,10
8940,6
8941,11
8942,17
8943,7
8944,12
8945,18
8946,6
8947,7
8948,16
8949,8
8950,15
8951,12
8952,5
8953,4
8954,2
8955,16
8956,7
8957,23
8958,22
8959,7
8960,2
8961,20
8962,15
8963,12
8964,4
8965,12
8966,23
8967,12
8968,17
8969,19
8970,3
8971,10
8972,9
8973,19
8974,16
8975,11
8976,2
8977,1
8978,23
8979,3
8980,5
8981,18
8982,10
8983,0
8984,16
8985,2
8986,2
8987,16
8988,2
8989,14
8990,12
8991,19
8992,10
8993,22
8994,17
8995,18
8996,19
8997,8
8998,16
8999,17
9000,9
9001,10
9002,1
9003,20
9004,17
9005,8
9006,7
9007,4
9008,17
9009,12
9010,0
9011,11
9012,1
9013,4
9014,0
9015,10
9016,7
9017,10
9018,15
9019,22
9020,4
9021,2
9022,4
9023,9
9024,7
9025,23
9026,2
9027,19
9028,8
9029,4
9030,21
9031,2
9032,8
9033,2
9034,23
9035,16
9036,2
9037,12
9038,1
9039,1
9040,15
9041,6
9042,20
9043,7
9044,7
9045,24
9046,19
9047,3
9048,20
9049,4
9050,15
9051,8
9052,17
9053,8
9054,8
9055,1
9056,21
9057,7
9058,2
9059,22
9060,18
9061,17
9062,18
9063,2
9064,15
9065,4
9066,7
9067,2
9068,2
9069,12
9070,24
9071,18
9072,2
9073,7
9074,10
9075,10
9076,2
9077,10
9078,9
9079,12
9080,10
9081,23
9082,22
9083,4
9084,18
9085,2
9086,10
9087,7
9088,16
9089,4
9090,10
9091,0
9092,6
9093,11
9094,13
9095,10
9096,1
9097,23
9098,10
9099,16
9100,14
9101,2
9102,0
9103,4
9104,15
9105,0
9106,24
9107,12
9108,10
9109,18
9110,12
9111,1
9112,17
9113,17
9114,17
9115,9
9116,14
9117,2
9118,15
9119,3
9120,0
9121,22
9122,7
9123,11
9124,10
9125,23
9126,17
9127,2
9128,14
9129,17
9130,12
9131,17
9132,17
9133,14
9134,19
9135,7
9136,12
9137,23
9138,8
9139,16
9140,19
9141,0
9142,15
9143,2
9144,4
9145,6
9146,6
9147,8
9148,24
9149,3
9150,16
9151,2
9152,14
9153,4
9154,18
9155,4
9156,10
9157,4
9158,11
9159,3
9160,11
9161,14
9162,4
9163,2
9164,16
9165,10
9166,2
9167,12
9168,4
9169,21
9170,19
9171,12
9172,23
9173,2
9174,12
9175,22
9176,17
9177,2
9178,1
9179,17
9180,7
9181,10
9182,16
9183,2
9184,7
9185,0
9186,0
9187,4
9188,0
9189,16
9190,0
9191,8
9192,3
9193,10
9194,3
9195,24
9196,8
9197,14
9198,16
9199,9
9200,0
9201,18
9202,15
9203,9
9204,9
9205,10
9206,16
9207,17
9208,11
9209,4
9210,23
9211,3
9212,18
9213,2
9214,23
9215,3
9216,16
9217,16
9218,10
9219,12
9220,10
9221,3
9222,0
9223,16
9224,12
9225,16
9226,7
9227,9
9228,18
9229,8
9230,9
9231,19
9232,3
9233,6
9234,4
9235,12
9236,17
9237,0
9238,7
9239,13
9240,0
9241,13
9242,12
9243,21
9244,17
9245,11
9246,4
9247,13
9248,19
9249,6
9250,21
9251,20
9252,7
9253,21
9254,9
9255,7
9256,10
9257,0
9258,2
9259,9
9260,12
9261,15
9262,23
9263,15
9264,16
9265,18
9266,4
9267,23
9268,4
9269,4
9270,7
9271,12
9272,8
9273,23
9274,22
9275,3
9276,2
9277,7
9278,24
9279,9
9280,18
9281,23
9282,7
9283,12
9284,0
9285,20
9286,7
9287,17
9288,16
9289,12
9290,4
9291,7
9292,10
9293,10
9294,9
9295,1
9296,8
9297,14
9298,10
9299,8
9300,24
9301,12
9302,10
9303,18
9304,0
9305,5
9306,19
9307,5
9308,19
9309,11
9310,10
9311,1
9312,19
9313,22
9314,1
9315,18
9316,1
9317,20
9318,8
9319,10
9320,3
9321,4
9322,17
9323,8
9324,19
9325,20
9326,15
9327,3
9328,22
9329,4
9330,15
9331,24
9332,12
9333,2
9334,6
9335,12
9336,0
9337,20
9338,13
9339,16
9340,2
9341,22
9342,14
9343,9
9344,4
9345,16
9346,12
9347,0
9348,21
9349,14
9350,7
9351,23
9352,2
9353,3
9354,19
9355,10
9356,0
9357,12
9358,8
9359,17
9360,7
9361,22
9362,15
9363,23
9364,22
9365,0
9366,10
9367,2
9368,5
9369,17
9370,4
9371,3
9372,11
9373,19
9374,18
9375,22
9376,20
9377,11
9378,7
9379,4
9380,3
9381,8
9382,3
9383,6
9384,10
9385,11
9386,11
9387,1
9388,1
9389,10
9390,22
9391,17
9392,2
9393,23
9394,4
9395,15
9396,17
9397,10
9398,5
9399,23
9400,9
9401,0
9402,2
9403,5
9404,0
9405,8
9406,24
9407,24
9408,12
9409,10
9410,4
9411,1
9412,18
9413,11
9414,20
9415,2
9416,16
9417,4
9418,15
9419,0
9420,23
9421,10
9422,15
9423,15
9424,8
9425,15
9426,2
9427,21
9428,3
9429,7
9430,18
9431,9
9432,9
9433,19
9434,3
9435,12
9436,13
9437,1
9438,3
9439,1
9440,10
9441,10
9442,8
9443,21
9444,21
9445,2
9446,9
9447,19
9448,17
9449,0
9450,24
9451,3
9452,22
9453,18
9454,4
9455,1
9456,15
9457,10
9458,20
9459,11
9460,2
9461,5
9462,17
9463,23
9464,17
9465,8
9466,2
9467,9
9468,0
9469,19
9470,2
9471,8
9472,23
9473,3
9474,12
9475,15
9476,23
9477,10
9478,10
9479,7
9480,15
9481,8
9482,5
9483,17
9484,15
9485,2
9486,9
9487,2
9488,0
9489,9
9490,7
9491,10
9492,2
9493,1
9494,0
9495,15
9496,20
9497,15
9498,17
9499,2
9500,17
9501,10
9502,2
9503,8
9504,3
9505,12
9506,20
9507,2
9508,2
9509,23
9510,11
9511,0
9512,10
9513,0
9514,11
9515,2
9516,17
9517,18
9518,4
9519,4
9520,23
9521,24
9522,8
9523,2
9524,1
9525,13
9526,18
9527,3
9528,6
9529,8
9530,17
9531,9
9532,18
9533,1
9534,9
9535,8
9536,12
9537,4
9538,18
9539,16
9540,15
9541,8
9542,6
9543,10
9544,0
9545,10
9546,13
9547,12
9548,21
9549,2
9550,21
9551,3
9552,21
9553,13
9554,12
9555,15
9556,12
9557,0
9558,23
9559,2
9560,24
9561,21
9562,4
9563,10
9564,24
9565,10
9566,7
9567,2
9568,18
9569,14
9570,4
9571,15
9572,21
9573,10
9574,10
9575,15
9576,24
9577,18
9578,15
9579,8
9580,18
9581,12
9582,2
9583,18
9584,15
9585,23
9586,11
9587,13
9588,3
9589,18
9590,12
9591,0
9592,17
9593,18
9594,12
9595,6
9596,3
9597,15
9598,16
9599,10
9600,14
9601,6
9602,20
9603,17
9604,8
9605,18
9606,9
9607,0
9608,17
9609,8
9610,1
9611,2
9612,1
9613,8
9614,10
9615,10
9616,12
9617,1
9618,3
9619,12
9620,12
9621,19
9622,18
9623,12
9624,8
9625,10
9626,24
9627,0
9628,10
9629,24
9630,17
9631,12
9632,9
9633,13
9634,2
9635,7
9636,8
9637,15
9638,16
9639,5
9640,11
9641,12
9642,16
9643,3
9644,19
9645,8
9646,17
9647,10
9648,10
9649,15
9650,0
9651,19
9652,10
9653,23
9654,5
9655,0
9656,21
9657,11
9658,2
9659,20
9660,21
9661,12
9662,4
9663,9
9664,0
9665,16
9666,8
9667,22
9668,23
9669,8
9670,16
9671,5
9672,9
9673,0
9674,6
9675,6
9676,10
9677,20
9678,20
9679,10
9680,6
9681,11
9682,24
9683,23
9684,20
9685,12
9686,22
9687,3
9688,6
9689,7
9690,8
9691,6
9692,15
9693,16
9694,7
9695,19
9696,12
9697,18
9698,15
9699,21
9700,19
9701,14
9702,21
9703,23
9704,1
9705,23
9706,16
9707,7
9708,9
9709,2
9710,8
9711,6
9712,7
9713,12
9714,17
9715,18
9716,22
9717,12
9718,7
9719,0
9720,18
9721,5
9722,19
9723,4
9724,17
9725,4
9726,17
9727,17
9728,18
9729,10
9730,8
9731,22
9732,9
9733,12
9734,12
9735,20
9736,22
9737,18
9738,15
9739,23
9740,15
9741,12
9742,4
9743,24
9744,23
9745,2
9746,13
9747,6
9748,24
9749,15
9750,2
9751,24
9752,13
9753,8
9754,5
9755,6
9756,8
9757,2
9758,2
9759,12
9760,23
9761,9
9762,23
9763,2
9764,17
9765,21
9766,12
9767,24
9768,16
9769,17
9770,10
9771,2
9772,9
9773,20
9774,17
9775,3
9776,0
9777,12
9778,3
9779,7
9780,18
9781,23
9782,11
9783,11
9784,24
9785,18
9786,7
9787,6
9788,14
9789,12
9790,24
9791,15
9792,2
9793,0
9794,0
9795,23
9796,23
9797,10
9798,7
9799,16
9800,16
9801,4
9802,0
9803,10
9804,15
9805,13
9806,16
9807,10
9808,7
9809,12
9810,14
9811,0
9812,15
9813,11
9814,9
9815,17
9816,14
9817,18
9818,4
9819,7
9820,2
9821,0
9822,20
9823,2
9824,17
9825,17
9826,17
9827,8
9828,12
9829,14
9830,15
9831,0
9832,11
9833,21
9834,12
9835,10
9836,4
9837,15
9838,11
9839,16
9840,8
9841,23
9842,10
9843,24
9844,18
9845,10
9846,12
9847,17
9848,12
9849,16
9850,7
9851,2
9852,23
9853,5
9854,10
9855,11
9856,3
9857,12
9858,19
9859,19
9860,9
9861,13
9862,22
9863,4
9864,2
9865,5
9866,20
9867,23
9868,3
9869,1
9870,5
9871,7
9872,4
9873,0
9874,1
9875,20
9876,4
9877,8
9878,10
9879,8
9880,2
9881,10
9882,15
9883,4
9884,17
9885,9
9886,8
9887,9
9888,11
9889,12
9890,1
9891,10
9892,15
9893,20
9894,2
9895,16
9896,3
9897,24
9898,19
9899,2
9900,5
9901,17
9902,2
9903,4
9904,4
9905,17
9906,2
9907,18
9908,2
9909,11
9910,2
9911,17
9912,19
9913,16
9914,10
9915,9
9916,4
9917,3
9918,7
9919,2
9920,4
9921,19
9922,6
9923,11
9924,4
9925,20
9926,9
9927,3
9928,8
9929,11
9930,20
9931,8
9932,17
9933,4
9934,21
9935,24
9936,1
9937,20
9938,15
9939,4
9940,17
9941,12
9942,7
9943,10
9944,0
9945,17
9946,20
9947,9
9948,19
9949,24
9950,4
9951,6
9952,4
9953,17
9954,12
9955,10
9956,9
9957,19
9958,15
9959,9
9960,2
9961,14
9962,19
9963,8
9964,8
9965,5
9966,16
9967,1
9968,17
9969,2
9970,0
9971,10
9972,12
9973,15
9974,12
9975,17
9976,4
9977,10
9978,24
9979,12
9980,20
9981,10
9982,14
9983,7
9984,16
9985,21
9986,12
9987,9
9988,12
9989,17
9990,17
9991,23
9992,8
9993,15
9994,4
9995,4
9996,12
9997,18
9998,20
9999,8
